,atomic_number,atomic_radius,atomic_radius_rahm,atomic_volume,atomic_weight,boiling_point,bulk_modulus,c6_gb,covalent_radius_cordero,covalent_radius_pyykko,covalent_radius_pyykko_double,covalent_radius_pyykko_triple,covalent_radius_slater,density,dipole_polarizability,electron_negativity,electron_affinity,en_allen,en_ghosh,en_pauling,first_ion_en,fusion_enthalpy,gs_bandgap,gs_energy,gs_est_bcc_latcnt,gs_est_fcc_latcnt,gs_mag_moment,gs_volume_per,hhi_p,hhi_r,heat_capacity_mass,heat_capacity_molar,icsd_volume,evaporation_heat,heat_of_formation,lattice_constant,mendeleev_number,melting_point,molar_volume,num_unfilled,num_valance,num_d_unfilled,num_d_valence,num_f_unfilled,num_f_valence,num_p_unfilled,num_p_valence,num_s_unfilled,num_s_valence,period,specific_heat,thermal_conductivity,vdw_radius,vdw_radius_alvarez,vdw_radius_mm3,vdw_radius_uff,sound_velocity,Polarizability
H,0.010638297872340425,0.2958801498127341,0.5255972696245734,0.20142857142857143,0.004131147540983607,0.0034198988195615516,0.14947273559525706,0.0009774774774774775,0.11923076923076924,0.13793103448275862,0.5111006083120202,0.7113579003744775,0.09615384615384616,0.0031369073992024814,0.011239669386533665,0.45929018789144055,0.8773832745850173,0.48074885199576123,0.5958727118307161,0.5527638190954774,0.5530658056506778,0.0005110732538330493,0.4339153497624047,0.7624710613480109,0.3851685844347749,0.38516858441198026,0.0,0.05714162311579493,0.3607716465512892,0.3770935668983122,1.0,0.38097502972651603,0.34396820281448065,0.0010970873786407768,0.25616686251468856,0.3581661891117478,1.0,0.003667539267015707,0.16098111079785735,0.045454545454545456,0.03125,0.0,0.0,0.0,0.0,0.0,0.0,1.0,0.5,0.14285714285714285,0.2164086142626374,0.0004197674418604651,0.3160919540229885,0.3448275862068966,0.44505494505494503,0.5889795918367348,0.06920980926430517,0.01122169303264894
He,0.02127659574468085,0.5536803100748245,0.45733788395904434,0.4542857142857143,0.016404106557377052,0.0007109612141652615,0.2239648146209047,0.00022072072072072072,0.1076923076923077,0.19827586206896552,0.5261851125482381,0.6650352325503633,0.47264336165922305,0.006513070447496676,0.0034507399002493768,0.8684759916492694,0.0,0.8685976686683151,1.0,0.5999118474760308,1.0,0.05112263863248258,1.0,0.9935578395366621,0.4736978867640593,0.4736978867591095,0.0,0.1062929210037576,0.32653061224489793,0.42857142857142855,0.3586409395973154,0.27462016118377597,0.20496293909120203,9.70873786407767e-05,0.1412199067083883,0.34097421203438394,0.009708737864077669,0.0002486910994764398,0.2960248096983366,0.0,0.0625,0.0,0.0,0.0,0.0,0.0,0.0,0.0,1.0,0.14285714285714285,1.0,0.00035186046511627905,0.40229885057471265,0.4109195402298851,0.42032967032967034,0.48204081632653056,0.05286103542234333,0.003450890272635476
Li,0.031914893617021274,0.5805243445692884,0.7508532423208191,0.18714285714285714,0.028442622950819674,0.18855817875210795,0.02894736842105263,0.21171171171171171,0.49230769230769234,0.5732758620689655,0.5688073394495413,0.6955431534671941,0.5576923076923077,0.023659725299069564,0.4089775561097257,0.2045929018789144,0.8715432880540562,0.1904627340162487,0.23738457507363706,0.24623115577889446,0.21928800323515468,0.02555366269165247,0.0,0.8638119738733526,0.5233418360754066,0.5233418361969416,0.0,0.1433363566708418,0.29591836734693877,0.46153846153846156,0.25041946308724833,0.3284449729158409,0.23235578472446017,0.1796116504854369,0.1871915393654524,0.3333333333333333,0.11650485436893204,0.14494502617801047,0.1835353820129687,0.045454545454545456,0.03125,0.0,0.0,0.0,0.0,0.0,0.0,1.0,0.5,0.2857142857142857,0.6725134926754048,0.19767441860465115,0.5229885057471264,0.6091954022988506,0.7005494505494505,0.5002040816326531,0.32697547683923706,0.40945809491753615
Be,0.0425531914893617,0.41947565543071164,0.7474402730375427,0.07142857142857142,0.03693517663934426,0.5468802698145026,0.34210526315789475,0.03213213213213213,0.36923076923076925,0.4396551724137931,0.41284403669724773,0.5345911949685535,0.40384615384615385,0.0818785999113868,0.09403990024937656,0.3277661795407098,0.7420839906102783,0.32931826209819853,0.3274950758054898,0.39447236180904527,0.3791659520387424,0.0672487223168654,0.0,0.7330863010984736,0.4084760291515207,0.4084760292499189,0.0,0.06815531464605018,0.8163265306122449,0.43956043956043955,0.1275866890380313,0.21724137931034482,0.08711999140616607,0.375,0.3807285546415981,0.218720152817574,0.7475728155339806,0.40602094240837694,0.0683676346208063,0.0,0.0625,0.0,0.0,0.0,0.0,0.0,0.0,0.0,1.0,0.2857142857142857,0.35158057054741715,0.4418604651162791,0.4396551724137931,0.5689655172413793,0.6126373626373627,0.560204081632653,0.7084468664850136,0.09424436216762032
B,0.05319148936170213,0.36704119850187267,0.6996587030716723,0.06571428571428571,0.04430327868852459,0.6629005059021923,0.8421052631578947,0.014894894894894895,0.3230769230769231,0.36637931034482757,0.3577981651376147,0.4591194968553459,0.3269230769230769,0.10367744793974301,0.05119700748129676,0.42588726513569936,0.8570307846894775,0.42847050512186513,0.4176213881710909,0.5125628140703518,0.3374909257335885,0.42759795570698467,0.084208199801083,0.5304147564994064,0.3956985209706813,0.39569852095133473,0.0,0.061957413726083016,0.29591836734693877,0.21978021978021978,0.07172818791946309,0.14647905932091426,0.08325276614029434,0.6122572815533981,0.663924794359577,0.833810888252149,0.8349514563106796,0.6735602094240838,0.0618832816464618,0.22727272727272727,0.09375,0.0,0.0,0.0,0.0,1.0,0.16666666666666666,0.0,1.0,0.2857142857142857,0.19757131842713954,0.06279069767441861,0.5517241379310345,0.5488505747126436,0.5906593406593407,0.833265306122449,0.8828337874659401,0.05099293167283742
C,0.06382978723404255,0.3408239700374532,0.6484641638225256,0.0757142857142857,0.04922540983606557,0.8600337268128162,0.0868421052631579,0.007192192192192192,0.28076923076923077,0.3232758620689655,0.3073394495412844,0.37735849056603776,0.2692307692307692,0.09968985378821445,0.05119700748129676,0.5323590814196242,0.8991706889692216,0.5316142705757684,0.5077251124884803,0.6407035175879396,0.4579705846741665,1.0,0.24842524035805066,0.3548323803329975,0.36523070025792653,0.36523070028135934,0.0,0.04871938841618796,0.05102040816326531,0.054945054945054944,0.049566554809843406,0.11252477209671029,0.06090879793747986,0.8000996057785755,0.842385428907168,0.34097421203438394,0.9223300970873787,1.0,0.07457005920496194,0.18181818181818182,0.125,0.0,0.0,0.0,0.0,0.8,0.3333333333333333,0.0,1.0,0.2857142857142857,0.13704703161141094,0.32558139534883723,0.4885057471264368,0.5086206896551724,0.5604395604395604,0.7859183673469389,1.0,0.028105015146415346
N,0.07446808510638298,0.3445692883895131,0.6109215017064846,0.24714285714285716,0.05740573770491803,0.013052276559865093,0.15096021809923424,0.0038588588588588588,0.27307692307692305,0.30603448275862066,0.27522935779816515,0.33962264150943394,0.25,0.035799734160389896,0.018952618453865335,0.6346555323590815,0.7849790189692539,0.6404097492052279,0.5984251612786642,0.7638190954773869,0.5911201544108774,0.0030238500851788755,0.35567466018344573,0.42405748890177425,0.5034103662164421,0.5034103661889759,0.0,0.12757526022545676,0.1326530612244898,0.054945054945054944,0.07270693512304251,0.38478002378121284,0.24363519174991943,0.02433963054944224,0.5551586368977673,0.3857688634192932,0.970873786407767,0.01656806282722513,0.1908655201578799,0.13636363636363635,0.15625,0.0,0.0,0.0,0.0,0.6,0.5,0.0,1.0,0.2857142857142857,0.14898760855642565,6.0069767441860465e-05,0.4454022988505747,0.47701149425287354,0.5302197802197802,0.746938775510204,0.01817983651226158,0.018512285425782565
O,0.0851063829787234,0.5475708625895442,0.5836177474402731,0.2,0.06556967213114755,0.01520910623946037,0.20027905486979547,0.0025075075075075073,0.25384615384615383,0.27155172413793105,0.26146788990825687,0.3333333333333333,0.23076923076923078,0.050908285334514844,0.013067331670822944,0.7181628392484343,0.9077065636900019,0.7545037089367714,0.6879754784148611,0.864321608040201,0.5538632470380037,0.0018739352640545143,0.0,0.6636198192089824,0.4284507342196512,0.42845073419045,0.0,0.07865071481017578,0.05102040816326531,0.054945054945054944,0.06417785234899329,0.38813581714889683,0.1864861961542593,0.018906664068392323,0.2928660399529965,0.6523400191021967,0.9805825242718447,0.014345549738219894,0.24471384268395827,0.09090909090909091,0.1875,0.0,0.0,0.0,0.0,0.4,0.6666666666666666,0.0,1.0,0.2857142857142857,0.20801592846327233,6.181395348837209e-05,0.4367816091954023,0.43103448275862066,0.5,0.7142857142857143,0.017302452316076293,0.013497139010434197
F,0.09574468085106383,0.5019611017544869,0.5563139931740614,0.2442857142857143,0.07786230803278688,0.01433558178752108,0.1231551039401649,0.0015315315315315315,0.21923076923076923,0.27586206896551724,0.2706422018348624,0.3333333333333333,0.19230769230769232,0.04909171466548516,0.009226932668329177,0.8308977035490606,0.9909261873075755,0.8760155422112328,0.7780295090261841,1.0,0.7086072220687786,0.00217206132879046,0.10885180682948392,0.8757272283128693,0.43770016236868525,0.4377001623558656,0.0,0.0838552239450611,0.15306122448979592,0.16483516483516483,0.05760626398210291,0.4135817148896816,0.17638844129337203,0.007936893203883496,0.09322561692126909,0.5378223551855871,0.9902912621359223,0.014013089005235603,0.15787989850577952,0.045454545454545456,0.21875,0.0,0.0,0.0,0.0,0.2,0.8333333333333334,0.0,1.0,0.2857142857142857,0.23975440282966123,6.441860465116279e-05,0.4224137931034483,0.41954022988505746,0.4697802197802198,0.6865306122448979,0.15405536148871207,0.009373948165600809
Ne,0.10638297872340426,0.5566649484707187,0.5324232081911263,0.24000000000000002,0.08270368852459016,0.004569983136593592,0.1976207345291688,0.0010375375375375375,0.2230769230769231,0.28879310344827586,0.44036697247706424,0.7266176439242962,0.48747107318637245,0.053345148427115636,0.006658354114713216,1.0,0.9120867432805022,1.0,0.8682619852183813,0.5692032964818855,0.8770570048781516,0.0013969335604770016,0.7231738313625815,1.0,0.47795821719583986,0.47795821726497684,0.0,0.10918671446464821,0.3646078640175285,0.4093504381754815,0.07200782997762864,0.27462016118377597,0.24803953163605114,0.002111650485436893,0.14650936552131338,0.4231136580706781,0.019417475728155338,0.012565445026178011,0.18649563010995207,0.0,0.25,0.0,0.0,0.0,0.0,0.0,1.0,0.0,1.0,0.2857142857142857,0.19834232845026986,0.0001141860465116279,0.4425287356321839,0.4540229885057471,0.43956043956043955,0.6618367346938776,0.05100817438692098,0.006636149444631437
Na,0.11702127659574468,0.7116104868913857,0.7679180887372014,0.3385714285714286,0.09422036590163935,0.19495784148397974,0.01657894736842105,0.23573573573573572,0.6384615384615384,0.6681034482758621,0.7339449541284404,0.692270821849771,0.6923076923076923,0.04302171023482499,0.40573566084788026,0.1941544885177453,0.8685353599804398,0.18156128576474745,0.21055223260268527,0.23366834170854273,0.20901269419153815,0.022146507666098807,0.0,0.9060877854580789,0.632144746256593,0.6321447461501827,0.0,0.25260945302984494,0.11224489795918367,0.054945054945054944,0.08585011185682326,0.37296868806975825,0.42711354603072293,0.1188106796116505,0.1263219741480611,0.4040114613180516,0.10679611650485436,0.09710994764397905,0.33521285593459266,0.045454545454545456,0.03125,0.0,0.0,0.0,0.0,0.0,0.0,1.0,0.5,0.42857142857142855,0.23554356206630686,0.32558139534883723,0.6522988505747126,0.7183908045977011,0.7417582417582418,0.6087755102040816,0.17438692098092642,0.40575563783237967
Mg,0.1276595744680851,0.599250936329588,0.8191126279863481,0.2,0.09961065573770492,0.22984822934232715,0.11842105263157894,0.09444444444444444,0.5423076923076923,0.5991379310344828,0.6055045871559633,0.7987421383647799,0.5769230769230769,0.07700487372618521,0.17678304239401496,0.2734864300626305,0.9356790145288097,0.27008124337689865,0.27477005366920254,0.3291457286432161,0.31098200878360927,0.07223168654173764,0.0,0.8865303774187058,0.5825808061438339,0.5825808061808019,0.0,0.197728156178465,0.5408163265306123,0.054945054945054944,0.07151845637583892,0.32856387898005024,0.25222902567407884,0.1599514563106796,0.17285546415981198,0.30659025787965616,0.7087378640776699,0.2413612565445026,0.19734987313222443,0.0,0.0625,0.0,0.0,0.0,0.0,0.0,0.0,0.0,1.0,0.42857142857142855,0.19757131842713954,0.37209302325581395,0.49712643678160917,0.7212643678160919,0.6675824175824175,0.616530612244898,0.2507901907356948,0.1783911141029956
Al,0.13829787234042554,0.5355805243445693,0.8156996587030717,0.14285714285714285,0.11058007581967212,0.4620573355817875,0.2,0.07807807807807808,0.4653846153846154,0.5431034482758621,0.518348623853211,0.6981132075471698,0.4807692307692308,0.11957908728400532,0.11471321695760599,0.3361169102296451,0.8635983137964351,0.33694807488519957,0.3389969099550046,0.40452261306532666,0.2434487243398414,0.09122657580919932,0.0,0.7337530922401706,0.5221476292276003,0.5221476291369388,0.0,0.1423573618969464,0.16326530612244897,0.10989010989010989,0.06270973154362416,0.31972519487382745,0.17842947685035984,0.34478155339805827,0.3888366627497062,0.3868194842406876,0.7766990291262136,0.2443717277486911,0.14096419509444602,0.22727272727272727,0.09375,0.0,0.0,0.0,0.0,1.0,0.16666666666666666,0.0,1.0,0.42857142857142855,0.17347725520431767,0.5465116279069767,0.5287356321839081,0.646551724137931,0.6483516483516484,0.9181632653061224,0.2779291553133515,0.11443958263211039
Si,0.14893617021276595,0.4943820224719101,0.7918088737201365,0.17285714285714285,0.11510245901639345,0.44317032040472176,0.2631578947368421,0.04624624624624624,0.4269230769230769,0.5,0.4908256880733945,0.6415094339622641,0.4230769230769231,0.10323438192290652,0.0930423940149626,0.3966597077244259,0.9046356056617147,0.4002119392440834,0.4032034369974159,0.4773869346733668,0.3315390936011216,0.42768313458262347,0.04271190186760968,0.6172886778038589,0.5610064724349881,0.5610064723298198,0.0,0.1765645920615039,0.47959183673469385,0.10989010989010989,0.049776286353467564,0.2641035803937112,0.21506069395208938,0.46480582524271846,0.5287896592244419,0.5186246418338109,0.8252427184466019,0.4405759162303665,0.1700028192839019,0.18181818181818182,0.125,0.0,0.0,0.0,0.0,0.8,0.3333333333333333,0.0,1.0,0.42857142857142855,0.13550501156515035,0.3488372093023256,0.603448275862069,0.6293103448275862,0.6291208791208791,0.8765306122448979,0.11989100817438691,0.09306630764052508
P,0.1595744680851064,0.4794007490636704,0.7610921501706485,0.24285714285714285,0.1269416475409836,0.09325463743676222,0.02894736842105263,0.028078078078078078,0.4115384615384615,0.47844827586206895,0.46788990825688076,0.5911949685534591,0.38461538461538464,0.08063801506424458,0.06216957605985037,0.4572025052192067,0.8770577871098295,0.47085835393853764,0.4674167404542908,0.550251256281407,0.42650689152125026,0.15792163543441226,0.08978892695325451,0.6189813149721634,0.5798552871225487,0.5798552872151984,0.0,0.19496599231201142,0.20408163265306123,0.5604395604395604,0.05376118568232662,0.31475756374686226,0.2039961327747341,0.06043689320388349,0.3719153936545241,0.6848137535816619,0.8737864077669902,0.08306282722513089,0.23992106005074712,0.13636363636363635,0.15625,0.0,0.0,0.0,0.0,0.6,0.5,0.0,1.0,0.42857142857142855,0.1459136468774094,0.0005488372093023255,0.5172413793103449,0.5459770114942529,0.6098901098901099,0.8463265306122448,0.22074893024427347,0.06109054190508246
S,0.1702127659574468,0.4756554307116105,0.7303754266211604,0.22142857142857142,0.13139344262295083,0.12104957841483979,0.020263157894736844,0.021021021021021023,0.40384615384615385,0.44396551724137934,0.43119266055045874,0.5974842767295597,0.38461538461538464,0.09171466548515728,0.06216957605985037,0.5386221294363257,0.9341294949432123,0.5407983044860474,0.5329875856087027,0.6482412060301508,0.4213546563528691,0.014659284497444634,0.12167090286219472,0.7093579982890642,0.6061877368233783,0.6061877367628794,0.0,0.2227519111994126,0.07142857142857142,0.10989010989010989,0.04949664429530201,0.299907517505615,0.27672145235793316,0.012742718446601941,0.3256991774383079,1.0,0.912621359223301,0.10104712041884817,0.21891739498167465,0.09090909090909091,0.1875,0.0,0.0,0.0,0.0,0.4,0.6666666666666666,0.0,1.0,0.42857142857142855,0.14109483423284502,0.0004767441860465116,0.5172413793103449,0.5431034482758621,0.5906593406593407,0.823469387755102,0.20852717154749606,0.048805116122517665
Cl,0.18085106382978725,0.5518869565286985,0.7030716723549488,0.2671428571428571,0.14528688524590166,0.04023608768971332,0.0028947368421052633,0.01457957957957958,0.3923076923076923,0.4267241379310345,0.43577981651376146,0.5849056603773585,0.38461538461538464,0.06911829862649535,0.06216957605985037,0.6597077244258873,1.0,0.5994348286824444,0.5958794882451798,0.7939698492462312,0.5274098463574026,0.027257240204429302,0.13775002762736216,0.8697377148492237,0.5959111297717977,0.5959111296964827,0.0,0.2116140456960221,0.15306122448979592,0.10989010989010989,0.033487136465324384,0.4485268859822962,0.31206359437103875,0.024769417475728157,0.14254054054054055,0.5959885386819485,0.9611650485436893,0.04507853403141361,0.24513673526924162,0.045454545454545456,0.21875,0.0,0.0,0.0,0.0,0.2,0.8333333333333334,0.0,1.0,0.42857142857142855,0.14272506283634775,2.069767441860465e-05,0.5028735632183908,0.5229885057471264,0.5686813186813187,0.8055102040816327,0.011226158038147138,0.03668798384382363
Ar,0.19148936170212766,0.5595499532570143,0.6723549488054608,0.3457142857142857,0.16372131147540983,0.014721753794266441,0.18987969712172278,0.01012012012012012,0.4076923076923077,0.41379310344827586,0.4908256880733945,0.6037735849056604,0.5163684428465124,0.06202924235711121,0.027605985037406484,0.6764091858037579,0.35173923254360007,0.6771458848463442,0.6600227687525977,0.5735166132032992,0.6409631897850715,0.010051107325383304,0.5116587468228534,0.9975386282295324,0.627035646548349,0.6270356465027488,0.0,0.2465339264890079,0.3342990218905947,0.4269006461330404,0.036353467561521254,0.27462016118377597,0.3899452143087334,0.0079126213592233,0.1407105133247946,0.5023877745940782,0.02912621359223301,0.021937172774869108,0.3180152241330702,0.0,0.25,0.0,0.0,0.0,0.0,0.0,1.0,0.0,1.0,0.42857142857142855,0.02659984579799538,4.12093023255814e-05,0.5402298850574713,0.5574712643678161,0.5467032967032966,0.7893877551020408,0.017384196185286103,0.02761864692022888
K,0.20212765957446807,0.8801498127340824,0.7986348122866894,0.6471428571428571,0.16023893442622952,0.17655986509274874,0.008157894736842105,0.5870870870870871,0.7807692307692308,0.8448275862068966,0.8853211009174312,0.8631135240998353,0.8461538461538461,0.037926451041205136,0.7246882793017457,0.17118997912317327,0.8665426285429954,0.15330271988696573,0.2217911418710132,0.20603015075376882,0.17654024398769988,0.019889267461669503,0.0,0.9173703174226583,0.8579458979435827,0.8579458979279436,0.0,0.6315092356929987,0.17346938775510204,0.7912087912087912,0.05292225950782998,0.3910688333993923,0.8124395746052206,0.0028276699029126215,0.1045828437132785,0.4995224450811844,0.0970873786407767,0.0881675392670157,0.647589512263885,0.045454545454545456,0.03125,0.0,0.0,0.0,0.0,0.0,0.0,1.0,0.5,0.5714285714285714,0.1451426368542791,0.23255813953488372,0.7902298850574713,0.7844827586206896,0.8489010989010989,0.7779591836734694,0.10899182561307902,0.7246718276674521
Ca,0.2127659574468085,0.7378277153558053,0.9215017064846417,0.4271428571428571,0.16425409836065574,0.29629005059021923,0.04473684210526316,0.33483483483483484,0.676923076923077,0.7370689655172413,0.6743119266055045,0.8364779874213837,0.6923076923076923,0.06867523260965884,0.42144638403990026,0.20876826722338204,0.8460851316180327,0.21593076651359946,0.2606929561430456,0.25125628140703515,0.24862991744507051,0.07274275979557068,0.0,0.858372375358943,0.6884248989848712,0.6884248990484884,0.0,0.3262644149786205,0.3979591836734694,0.16483516483516483,0.04523210290827741,0.34256837098692033,0.4747019013857557,0.18640776699029127,0.20893066980023503,0.5329512893982807,0.1553398058252427,0.29109947643979056,0.3693261911474485,0.0,0.0625,0.0,0.0,0.0,0.0,0.0,0.0,0.0,1.0,0.5714285714285714,0.1258673862760216,0.46511627906976744,0.6637931034482759,0.7528735632183908,0.771978021978022,0.6936734693877551,0.20762942779291554,0.4207337596768765
Sc,0.22340425531914893,0.6067415730337079,0.8976109215017065,0.21428571428571427,0.18424552459016394,0.5234401349072513,0.15,0.23573573573573572,0.6538461538461539,0.6379310344827587,0.5321100917431193,0.7169811320754716,0.6153846153846154,0.13247673903411608,0.3548129675810474,0.2839248434237996,0.8530963240033071,0.24874602613917352,0.2696635736099315,0.3417085427135679,0.2668640632695129,0.1201022146507666,0.0,0.5576107927823197,0.5769700711772512,0.5769700712920071,3.008533622708469e-06,0.1920701420982162,0.5612244897959183,0.4945054945054945,0.039709172259507826,0.3371647509578544,0.26812761843377375,0.40376213592233007,0.44394829612220915,0.3161413562559694,0.18446601941747573,0.474869109947644,0.21144629264166903,0.4090909090909091,0.09375,1.0,0.1,0.0,0.0,0.0,0.0,0.0,1.0,0.5714285714285714,0.1071703932151118,0.037209302325581395,0.617816091954023,0.7413793103448276,0.717032967032967,0.6724489795918367,0.2752541335890928,0.29956243688993606
Ti,0.23404255319148937,0.550561797752809,0.8771331058020477,0.1514285714285714,0.19617622950819671,0.6003372681281619,0.2894736842105263,0.18018018018018017,0.6153846153846154,0.5862068965517241,0.536697247706422,0.6792452830188679,0.5384615384615384,0.20115197164377493,0.2851371571072319,0.32150313152400833,0.8484207659121789,0.28859060402684567,0.2786545203202082,0.3869346733668342,0.2777082412214034,0.12052810902896081,0.0,0.4543067138410444,0.5243561348804224,0.5243561348912777,1.0660158505659928e-05,0.1441713816784002,0.11224489795918367,0.17582417582417584,0.0366331096196868,0.3310873298982692,0.1898163067998711,0.5128640776699029,0.5558166862514688,0.2817574021012416,0.49514563106796117,0.5060209424083769,0.14998590358049058,0.36363636363636365,0.125,0.8888888888888888,0.2,0.0,0.0,0.0,0.0,0.0,1.0,0.5714285714285714,0.10080956052428683,0.05116279069767442,0.6063218390804598,0.7068965517241379,0.6565934065934066,0.6479591836734694,0.22561307901907357,0.24570851565129584
V,0.24468085106382978,0.50187265917603,0.8600682593856656,0.11928571428571429,0.2087766393442623,0.6155143338954469,0.42105263157894735,0.14339339339339338,0.5884615384615385,0.5775862068965517,0.5137614678899083,0.6666666666666666,0.5192307692307693,0.2707133362871068,0.2427431421446384,0.34029227557411273,0.8675519485602818,0.3201342281879195,0.28762355662371925,0.40954773869346733,0.2743760449209182,0.18313458262350937,0.0,0.3735869156891974,0.4825770602323486,0.48257706029853037,0.0,0.11238284455578111,0.336734693877551,0.37362637362637363,0.03418624161073825,0.3288413264632052,0.14910301858416586,0.558252427184466,0.6057579318448884,0.28844317096466093,0.5242718446601942,0.5654450261780105,0.11728221031857909,0.3181818181818182,0.15625,0.7777777777777778,0.3,0.0,0.0,0.0,0.0,0.0,1.0,0.5714285714285714,0.09348496530454896,0.07209302325581396,0.5948275862068966,0.6954022988505747,0.6291208791208791,0.6416326530612244,0.24850136239782017,0.20868394479973074
Cr,0.2553191489361702,0.4868913857677903,0.7952218430034129,0.10328571428571429,0.21309877049180329,0.4966273187183811,0.42105263157894735,0.10645645645645646,0.5346153846153846,0.5258620689655172,0.5091743119266054,0.6477987421383647,0.5384615384615384,0.31812140008861317,0.19551122194513718,0.3465553235908142,0.8736001475588975,0.34510773578240905,0.29659304468819464,0.41708542713567837,0.27520248491635163,0.1788756388415673,0.0,0.33430608818356716,0.4589347432395869,0.45893474327204054,0.0,0.09666133978318144,0.3163265306122449,0.45054945054945056,0.031389821029082776,0.3084951776985071,0.12901493178644322,0.41504854368932037,0.46707403055229146,0.2750716332378223,0.5533980582524272,0.5575916230366492,0.10191711305328448,0.2727272727272727,0.1875,0.5555555555555556,0.5,0.0,0.0,0.0,0.0,1.0,0.5,0.5714285714285714,0.09406322282189669,0.2186046511627907,0.5919540229885057,0.7040229885057471,0.6181318681318682,0.6169387755102042,0.3237057220708447,0.19522046449007066
Mn,0.26595744680851063,0.5056179775280899,0.825938566552901,0.10557142857142857,0.22515591803278687,0.3768971332209106,0.3157894736842105,0.09534534534534535,0.5769230769230769,0.5129310344827587,0.481651376146789,0.6477987421383647,0.5384615384615384,0.31945059813912274,0.16658354114713217,0.3235908141962422,0.9552736035687232,0.36524196397032854,0.30558105495220367,0.38944723618090454,0.30235095742382057,0.10996592844974445,0.0,0.3679488586424193,0.4491238200308591,0.44912382002002127,0.00014693062293038946,0.09059375640305792,0.16326530612244897,0.1978021978021978,0.033487136465324384,0.34773417888756775,0.13105596734343108,0.2682038834951456,0.3329024676850764,0.8490926456542502,0.5825242718446602,0.39712041884816757,0.10360868339441781,0.22727272727272727,0.21875,0.5555555555555556,0.5,0.0,0.0,0.0,0.0,0.0,1.0,0.5714285714285714,0.09194294525828836,0.01813953488372093,0.5890804597701149,0.7040229885057471,0.6153846153846154,0.6042857142857143,0.28065395095367845,0.15819589363850556
Fe,0.2765957446808511,0.47191011235955055,0.7713310580204779,0.10142857142857142,0.22887295081967213,0.5097807757166948,0.4473684210526316,0.08228228228228228,0.5461538461538461,0.5,0.5,0.6415094339622641,0.5384615384615384,0.3488701816570669,0.15942643391521197,0.38204592901878914,0.8515092079540251,0.37583892617449666,0.31454579952655454,0.45979899497487436,0.3214005620035997,0.1176320272572402,0.0,0.4189229736467487,0.4525578979873519,0.4525578980919102,1.0,0.09268777264285406,0.24489795918367346,0.15384615384615385,0.031389821029082776,0.33161580129475493,0.12654420453324738,0.41262135922330095,0.4882491186839013,0.274116523400191,0.5922330097087378,0.4732984293193717,0.09994361432196222,0.18181818181818182,0.25,0.4444444444444444,0.6,0.0,0.0,0.0,0.0,0.0,1.0,0.5714285714285714,0.08538936006168081,0.18604651162790697,0.5862068965517241,0.7011494252873564,0.6126373626373627,0.5942857142857143,0.267574931880109,0.1413665432514305
Co,0.2872340425531915,0.4681647940074906,0.757679180887372,0.09571428571428571,0.24152948360655735,0.5300168634064081,0.47368421052631576,0.06921921921921922,0.5307692307692308,0.47844827586206895,0.4724770642201835,0.6037735849056604,0.5192307692307693,0.3943287549844927,0.1439152119700748,0.3924843423799582,0.8734395683044345,0.3836100317908866,0.32354284500984837,0.4723618090452261,0.32053060376037523,0.13798977853492334,0.0,0.5024901876993096,0.44563390817882836,0.4456339082015225,0.7336421525977527,0.08849825076663931,0.3163265306122449,0.2967032967032967,0.029432326621923934,0.3277843836702338,0.11945429154581587,0.4722087378640777,0.5014101057579319,0.23973256924546318,0.6213592233009708,0.46282722513089003,0.09402311812799549,0.13636363636363635,0.28125,0.3333333333333333,0.7,0.0,0.0,0.0,0.0,0.0,1.0,0.5714285714285714,0.08789514263685429,0.23255813953488372,0.5747126436781609,0.6896551724137931,0.6126373626373627,0.5861224489795918,0.2572207084468665,0.12622012790306295
Ni,0.2978723404255319,0.46441947565543074,0.7474402730375427,0.09428571428571428,0.2405467213114754,0.5067453625632378,0.47368421052631576,0.05900900900900901,0.47692307692307695,0.47413793103448276,0.463302752293578,0.6352201257861635,0.5192307692307693,0.3944173681878601,0.12743142144638403,0.3987473903966597,0.8946187114547955,0.39314729777463797,0.33251142955239527,0.47989949748743715,0.3107202892279688,0.14889267461669506,0.0,0.6088697510016798,0.446718707807487,0.4467187078278472,0.28208897224132623,0.08914611497430139,0.10204081632653061,0.16483516483516483,0.03104026845637584,0.3444312326595323,0.11666129552046406,0.4594660194174758,0.5054054054054055,0.3361986628462273,0.6504854368932039,0.4518324607329843,0.09289540456723992,0.09090909090909091,0.3125,0.2222222222222222,0.8,0.0,0.0,0.0,0.0,0.0,1.0,0.5714285714285714,0.08538936006168081,0.2116279069767442,0.5660919540229885,0.6896551724137931,0.6098901098901099,0.5783673469387755,0.27084468664850136,0.11443958263211039
Cu,0.30851063829787234,0.4794007490636704,0.7406143344709898,0.10142857142857142,0.26043442622950824,0.47892074198988194,0.3684210526315789,0.03963963963963964,0.5076923076923077,0.4827586206896552,0.5275229357798165,0.7547169811320755,0.5192307692307693,0.39698715108551175,0.11596009975062344,0.3966597077244259,0.8980074186951547,0.38714235252560936,0.34146713890746133,0.4773869346733668,0.31424160688567687,0.11584327086882452,0.0,0.7382444438964963,0.45728832641097467,0.4572883264111988,0.0,0.09562475705092213,0.16326530612244897,0.16483516483516483,0.026915548098434005,0.32289602325274147,0.12686647330540338,0.3696601941747573,0.3964747356051704,0.3447946513849092,0.6990291262135923,0.355130890052356,0.10022554271215112,0.045454545454545456,0.34375,0.0,1.0,0.0,0.0,0.0,0.0,1.0,0.5,0.5714285714285714,0.07420971472629145,0.9302325581395349,0.5632183908045977,0.6839080459770115,0.6208791208791209,0.713265306122449,0.19455040871934604,0.10434197239986537
Zn,0.3191489361702128,0.5168539325842697,0.757679180887372,0.13142857142857142,0.26795081967213114,0.19898819561551434,0.18421052631578946,0.04144144144144144,0.46923076923076923,0.5086206896551724,0.5504587155963303,0.6434351233574033,0.5192307692307693,0.3160389898094816,0.0967581047381546,0.34446764091858034,0.9445476063960876,0.3318615330271989,0.35045763385677364,0.414572864321608,0.38207390643015465,0.06020442930153321,0.0,0.9074914281479174,0.4940482675862257,0.49404826749562286,0.0,0.12058912451950073,0.16326530612244897,0.2087912087912088,0.027125279642058166,0.33544721891927604,0.1631754216349769,0.13932038834951457,0.15323149236192715,0.25405921680993315,0.7378640776699029,0.18134293193717277,0.12912320270651256,0.0,0.375,0.0,1.0,0.0,0.0,0.0,0.0,0.0,1.0,0.5714285714285714,0.07478797224363917,0.27906976744186046,0.5775862068965517,0.6867816091954023,0.6291208791208791,0.5638775510204082,0.2016348773841962,0.09676876472568159
Ga,0.32978723404255317,0.5280898876404494,0.7952218430034129,0.1685714285714286,0.28575,0.45126475548060707,0.21688725720145816,0.06846846846846846,0.46923076923076923,0.5344827586206896,0.536697247706422,0.7610062893081762,0.5,0.2618520159503766,0.12443890274314214,0.37787056367432154,0.8634769208661792,0.3670081243376899,0.3893666763042339,0.4547738693467337,0.2439991284962489,0.04757240204429301,0.0,0.7845945453777037,0.5461378547705875,0.5461378548303999,0.0,0.16289465727983415,0.5612244897959183,0.2087912087912088,0.02607662192393736,0.34390276126304664,0.21054893114190568,0.3280339805825243,0.31957696827262044,0.4307545367717287,0.7864077669902912,0.07930104712041885,0.1663377502114463,0.22727272727272727,0.40625,0.0,1.0,0.0,0.0,1.0,0.16666666666666666,0.0,1.0,0.5714285714285714,0.07170393215111799,0.06744186046511629,0.5373563218390804,0.6666666666666666,0.6758241758241759,0.8944897959183674,0.14931880108991827,0.13665432514304945
Ge,0.3404255319148936,0.5131086142322098,0.7986348122866894,0.19428571428571428,0.2976639344262295,0.5232715008431703,0.25404720711475737,0.054804804804804805,0.46153846153846156,0.521551724137931,0.5091743119266054,0.7169811320754716,0.4807692307692308,0.23584404076207358,0.09832917705735661,0.4196242171189979,0.8979092748702693,0.41681384669728017,0.4282449990061259,0.5050251256281406,0.3212797683625349,0.3146507666098807,0.021162559398828603,0.6733802783412702,0.5835548108771399,0.5835548109282601,0.0,0.19872154796354682,0.5408163265306123,0.2087912087912088,0.02237136465324385,0.30680406922975295,0.23880116016757977,0.39805825242718446,0.4371327849588719,0.5405921680993314,0.8155339805825242,0.3169109947643979,0.19213419791372993,0.18181818181818182,0.4375,0.0,1.0,0.0,0.0,0.8,0.3333333333333333,0.0,1.0,0.5714285714285714,0.06206630686198921,0.13953488372093023,0.6063218390804598,0.6580459770114943,0.6703296703296703,0.8734693877551021,0.29427792915531337,0.09828340626051833
As,0.35106382978723405,0.5205992509363296,0.78839590443686,0.18714285714285714,0.30705571721311475,0.14772344013490726,0.05789473684210526,0.03903903903903904,0.4576923076923077,0.521551724137931,0.5229357798165137,0.6666666666666666,0.4423076923076923,0.25387682764731945,0.0743142144638404,0.4551148225469729,0.8795196614724361,0.46202755210173085,0.46716782016299535,0.5477386934673367,0.3981146918946694,0.2081771720613288,0.0,0.6709636381956783,0.5764506290090085,0.5764506290822351,0.0,0.19155185073208655,0.336734693877551,0.43956043956043955,0.02300055928411633,0.3255383802351698,0.23117413255988828,0.03932038834951456,0.3554641598119859,0.39446036294173825,0.8640776699029126,0.28534031413612565,0.18254863264730758,0.13636363636363635,0.46875,0.0,1.0,0.0,0.0,0.6,0.5,0.0,1.0,0.5714285714285714,0.06322282189668467,0.11627906976744186,0.5316091954022989,0.5402298850574713,0.6483516483516484,0.863265306122449,0.19829309350029953,0.07253450016829349
Se,0.3617021276595745,0.5243445692883895,0.764505119453925,0.2357142857142857,0.32365163934426233,0.16156829679595278,0.021842105263157895,0.034984984984984986,0.46153846153846156,0.5,0.4908256880733945,0.6729559748427673,0.4423076923076923,0.21222862206468765,0.06543640897755611,0.5323590814196242,0.931708755625951,0.506534793359237,0.5060463687453695,0.6407035175879396,0.39664198558390934,0.05698466780238501,0.044148524698861755,0.7527973676019178,0.6072290968615032,0.6072290968427266,0.0,0.2239018701680128,0.22448979591836735,0.6593406593406593,0.022441275167785234,0.3350905007266482,0.3202277365989902,0.07245145631067962,0.26698002350176264,0.4164278892072588,0.9029126213592233,0.12827225130890052,0.23146320834508038,0.09090909090909091,0.5,0.0,1.0,0.0,0.0,0.4,0.6666666666666666,0.0,1.0,0.5714285714285714,0.1710133592414809,0.0012093023255813954,0.5459770114942529,0.5229885057471264,0.6291208791208791,0.8581632653061224,0.18256130790190736,0.06344665095927297
Br,0.3723404255319149,0.5900947870340073,0.7474402730375427,0.3357142857142857,0.32747540983606555,0.05596964586846542,0.005,0.028078078078078078,0.46153846153846156,0.49137931034482757,0.5,0.6918238993710691,0.4423076923076923,0.1382365972529907,0.0543640897755611,0.6179540709812108,0.9893132698987355,0.5609325326739668,0.544954281790419,0.7437185929648241,0.4804821268726116,0.045017035775127764,0.08050613327439497,0.8837043625347565,0.6338454848843268,0.6338454848379057,0.0,0.25465382455837254,0.336734693877551,0.7582417582417582,0.03313758389261745,1.0,0.6997529272746804,0.03587378640776699,0.13143360752056404,0.6370582617000955,0.9514563106796117,0.06960732984293193,0.2788271778968142,0.045454545454545456,0.53125,0.0,1.0,0.0,0.0,0.2,0.8333333333333334,0.0,1.0,0.5714285714285714,0.22087648176538857,0.00027906976744186045,0.5316091954022989,0.5344827586206896,0.6098901098901099,0.8548979591836734,0.13447479878741073,0.051329518680578924
Kr,0.3829787234042553,0.5728011649600538,0.7235494880546075,0.46,0.34343442622950815,0.020379426644182123,0.1894363627195809,0.02042042042042042,0.4461538461538462,0.5043103448275862,0.555045871559633,0.6792452830188679,0.4995054402051668,0.0954807266282676,0.04258104738154613,0.6263048016701461,0.9567046940911798,0.6195690568703638,0.583858806628237,0.5748908595563441,0.5693817728577665,0.009914821124361158,0.4163443474417063,0.9995492282945927,0.6778747887865333,0.6778747887148567,0.0,0.3114931110439252,0.33885343797533035,0.4790780038905304,0.01733780760626398,0.27462016118377597,0.48136212267697925,0.010983009708737865,0.1463673141268536,0.5463228271251194,0.038834951456310676,0.030523560209424084,0.39455878206935435,0.0,0.5625,0.0,1.0,0.0,0.0,0.0,1.0,0.0,1.0,0.5714285714285714,0.04760986892829607,2.1930232558139533e-05,0.5804597701149425,0.5948275862068966,0.5906593406593407,0.8451020408163266,0.06103542234332425,0.041810838101649275
Rb,0.39361702127659576,0.9288389513108615,0.8191126279863481,0.7985714285714286,0.350277868852459,0.16205733558178753,0.006578947368421052,0.6996996996996997,0.8461538461538461,0.9051724137931034,0.926605504587156,0.887711675230676,0.9038461538461539,0.06787771377935312,0.7950124688279302,0.17118997912317327,0.8658756108520131,0.1475450370893677,0.2364652415114115,0.20603015075376882,0.1698890573447272,0.0186541737649063,0.0,0.9266767288575035,0.9219610583196399,0.9219610582682671,0.0,0.7836781410616335,0.6122448979591837,0.6593406593406593,0.025377516778523488,0.41035803937111903,1.0,0.09199029126213591,0.09506462984723855,0.5339063992359121,0.08737864077669903,0.08172774869109947,0.786016351846631,0.045454545454545456,0.03125,0.0,0.0,0.0,0.0,0.0,0.0,1.0,0.5,0.7142857142857143,0.06939090208172706,0.13488372093023257,0.8706896551724138,0.9224137931034483,0.8928571428571429,0.8395918367346938,0.07084468664850137,0.7950185122854257
Sr,0.40425531914893614,0.8052434456928839,0.9522184300341296,0.4814285714285715,0.35909836065573775,0.27942664418212476,0.19073808991153923,0.484984984984985,0.75,0.7974137931034483,0.7201834862385321,0.8742138364779874,0.7692307692307693,0.11253876827647319,0.46384039900249374,0.19832985386221294,0.8470910200330505,0.2011656658424585,0.2676868935109055,0.2386934673366834,0.23161672283435406,0.06328790459965927,0.0,0.8767845549156656,0.7766418266225811,0.7766418266553542,0.0,0.468449013086857,0.42857142857142855,0.32967032967032966,0.02139261744966443,0.35394371779627426,0.602427758083575,0.17475728155339806,0.1927144535840188,0.5807067812798472,0.14563106796116504,0.27277486910994764,0.47843247815054973,0.0,0.0625,0.0,0.0,0.0,0.0,0.0,0.0,0.0,1.0,0.7142857142857143,0.05801850424055513,0.08139534883720931,0.7155172413793104,0.8160919540229885,0.8241758241758241,0.743061224489796,0.24546223714658358,0.46449007068327164
Y,0.4148936170212766,0.6666666666666666,0.9351535836177475,0.28285714285714286,0.3643681967213115,0.60893760539629,0.10789473684210527,0.39039039039039036,0.7307692307692307,0.7025862068965517,0.5963302752293578,0.779874213836478,0.6923076923076923,0.19805050952591935,0.38154613466334164,0.2546972860125261,0.8582008323780252,0.2342281879194631,0.2748933844124397,0.3065326633165829,0.2528654224216668,0.09701873935264055,0.0,0.5451920434975518,0.6538820945446149,0.6538820944702306,0.0,0.2795750010797737,1.0,0.2857142857142857,0.020833333333333332,0.3505086537191175,0.3541733805994199,0.44538834951456313,0.49905992949471206,0.34861509073543456,0.24271844660194175,0.4698952879581152,0.28023681984775867,0.4090909090909091,0.09375,1.0,0.1,0.0,0.0,0.0,0.0,0.0,1.0,0.7142857142857143,0.05474171164225135,0.03953488372093023,0.6666666666666666,0.7902298850574713,0.7445054945054945,0.6826530612244898,0.17983651226158037,0.3820262537866038
Zr,0.425531914893617,0.599250936329588,0.9146757679180887,0.20142857142857143,0.3738688524590164,0.7841483979763912,0.4539995222525947,0.2042042042042042,0.6730769230769231,0.6637931034482759,0.5825688073394495,0.7610062893081762,0.5961538461538461,0.28825875055383254,0.30174563591022446,0.2776617954070981,0.8633053407527433,0.2758036029671494,0.2820991976725275,0.3341708542713568,0.2698090691784369,0.1788756388415673,0.0,0.40086041515527415,0.58515694909306,0.5851569491058475,0.0,0.20036280395629077,0.3469387755102041,0.2857142857142857,0.019435123042505595,0.33505086537191175,0.250187990117091,0.6881067961165048,0.7168037602820212,0.3085004775549188,0.47572815533980584,0.556282722513089,0.1976318015224133,0.36363636363636365,0.125,0.8888888888888888,0.2,0.0,0.0,0.0,0.0,0.0,1.0,0.7142857142857143,0.05416345412490363,0.053488372093023255,0.6408045977011494,0.7241379310344828,0.6978021978021978,0.6375510204081632,0.20708446866485014,0.30124537192864353
Nb,0.43617021276595747,0.5468164794007491,0.856655290102389,0.1542857142857143,0.38076381147540983,0.845699831365936,0.4473684210526316,0.17117117117117117,0.6307692307692307,0.6336206896551724,0.573394495412844,0.7295597484276729,0.5576923076923077,0.3797075764288879,0.26433915211970077,0.33402922755741127,0.8843842150585142,0.2945955492758743,0.2893036556497226,0.4020100502512563,0.27489094306767936,0.2555366269165247,0.0,0.2935586755588452,0.5395174975052563,0.539517497638127,0.0,0.15704228393728675,0.8673469387755102,0.967032967032967,0.018526286353467564,0.32500990883868414,0.1949726071543667,0.8252427184466019,0.8613396004700352,0.3151862464183381,0.5145631067961165,0.7175392670157068,0.15266422328728504,0.3181818181818182,0.15625,0.6666666666666666,0.4,0.0,0.0,0.0,0.0,1.0,0.5,0.7142857142857143,0.05165767154973015,0.12558139534883722,0.6264367816091954,0.735632183908046,0.6675824175824175,0.6459183673469387,0.1896457765667575,0.2642208010770784
Mo,0.44680851063829785,0.5205992509363296,0.8327645051194539,0.13428571428571429,0.3932377049180328,0.8237774030354131,0.6052631578947368,0.15465465465465467,0.5923076923076923,0.5948275862068966,0.555045871559633,0.710691823899371,0.5576923076923077,0.45281346920691184,0.18079800498753118,0.4509394572025052,0.8771175398843336,0.3076651359943483,0.2965069842245071,0.542713567839196,0.2884580618509808,0.31925042589437813,0.0,0.24135678472825017,0.5136672640642858,0.513667264140195,0.0,0.1355331922429059,0.24489795918367346,0.5824175824175825,0.017547539149888144,0.31787554498612763,0.1674723385970566,0.7160194174757282,0.7743595769682726,0.30085959885386815,0.5436893203883495,0.756544502617801,0.13222441499859036,0.2727272727272727,0.1875,0.5555555555555556,0.5,0.0,0.0,0.0,0.0,1.0,0.5,0.7142857142857143,0.04838087895142637,0.32325581395348835,0.6235632183908046,0.7040229885057471,0.6565934065934066,0.6228571428571429,0.33732970027247955,0.21541568495456076
Tc,0.4574468085106383,0.5093632958801498,0.8225255972696246,0.12142857142857143,0.4012590573770492,0.8684654300168634,0.5378886945199203,0.140990990990991,0.5653846153846154,0.5517241379310345,0.5504587155963303,0.6918238993710691,0.5192307692307693,0.5095259193619849,0.200498753117207,0.3966597077244259,0.8686243242692564,0.3157894736842105,0.30371708921375523,0.5276381909547739,0.29608677001748906,0.28356047700170356,0.0,0.27540212178130724,0.4978528407583483,0.4978528407408791,0.0,0.12339653608603637,0.6188444482304613,0.49376010951353905,0.10774305141848559,0.3044123586002639,0.1527553980019336,0.7099514563106796,0.7967097532314924,0.2617000955109838,0.5728155339805825,0.6400523560209425,0.12165210036650692,0.22727272727272727,0.21875,0.5555555555555556,0.5,0.0,0.0,0.0,0.0,0.0,1.0,0.7142857142857143,0.046838858905165766,0.1186046511627907,0.6206896551724138,0.7011494252873564,0.6483516483516484,0.6118367346938776,0.2940119173380612,0.19185459441265568
Ru,0.46808510638297873,0.50187265917603,0.8088737201365188,0.11857142857142858,0.4142213114754098,0.7037099494097808,0.5789473684210527,0.12147147147147147,0.5615384615384615,0.5387931034482759,0.5229357798165137,0.6477987421383647,0.5,0.5498449268941072,0.16209476309226933,0.45929018789144055,0.8900718384487442,0.32144118685976686,0.3109231283543252,0.5527638190954774,0.2993608064167209,0.3287052810902896,0.0,0.3558781074053814,0.48868164181718277,0.48868164178654755,0.0,0.11670193927352826,0.32653061224489793,0.8791208791208791,0.01663870246085011,0.31787554498612763,0.15071436244494574,0.6326183049562061,0.7645123384253819,0.25787965616045844,0.6019417475728155,0.6761780104712042,0.11516774739216239,0.18181818181818182,0.25,0.3333333333333333,0.7,0.0,0.0,0.0,0.0,1.0,0.5,0.7142857142857143,0.045875096376252894,0.27906976744186046,0.6120689655172413,0.7068965517241379,0.6428571428571429,0.6046938775510204,0.32534059945504085,0.16156176371592054
Rh,0.4787234042553192,0.50187265917603,0.7952218430034129,0.11857142857142858,0.4217438524590164,0.6745362563237775,1.0,0.1063063063063063,0.5461538461538461,0.5387931034482759,0.5045871559633027,0.6666666666666666,0.5192307692307693,0.5498449268941072,0.14463840399002495,0.47599164926931103,0.893803705915975,0.327057576827976,0.31812532752669903,0.5728643216080401,0.3033628583631111,0.22649063032367972,0.0,0.4904757407117363,0.49024408754288606,0.49024408757957366,0.0,0.11782490390014254,0.32653061224489793,0.8791208791208791,0.016988255033557047,0.3300303871052979,0.12439574605220753,0.5995145631067961,0.6533490011750881,0.36294173829990445,0.6310679611650486,0.5861256544502618,0.11671835353820129,0.13636363636363635,0.28125,0.2222222222222222,0.8,0.0,0.0,0.0,0.0,1.0,0.5,0.7142857142857143,0.047031611410948346,0.3488372093023256,0.603448275862069,0.7011494252873564,0.6428571428571429,0.5977551020408163,0.2561307901907357,0.14473241332884548
Pd,0.48936170212765956,0.5131086142322098,0.7337883959044369,0.12714285714285714,0.4361475409836066,0.575548060708263,0.47368421052631576,0.0942942942942943,0.5346153846153846,0.5172413793103449,0.536697247706422,0.7044025157232704,0.5384615384615384,0.5325653522374834,0.0798004987531172,0.45929018789144055,0.8691390646095641,0.3321087954786294,0.32533023726485844,0.5527638190954774,0.3390722243075281,0.14258943781942077,0.0,0.6372006122284201,0.49930076891643377,0.49930076892270503,0.0,0.12447630976547316,0.32653061224489793,0.8791208791208791,0.017058165548098435,0.34324217201743956,0.15812654420453326,0.4519417475728155,0.44253819036427733,0.37153772683858644,0.6699029126213593,0.47774869109947643,0.1206653510008458,0.0,0.3125,0.0,1.0,0.0,0.0,0.0,0.0,0.0,0.0,0.7142857142857143,0.047031611410948346,0.16744186046511628,0.603448275862069,0.617816091954023,0.6510989010989011,0.5916326530612245,0.1673024523160763,0.08078088185796027
Ag,0.5,0.5393258426966292,0.7679180887372014,0.14714285714285716,0.4420827868852459,0.4190556492411467,0.2631578947368421,0.0512012012012012,0.5576923076923077,0.5517241379310345,0.6376146788990825,0.8616352201257862,0.6153846153846154,0.4652193176783341,0.13092269326683292,0.40292275574112735,0.900881385595206,0.3903214411868598,0.3325333399591608,0.4849246231155779,0.30813481725406616,0.09625212947189098,0.0,0.8017131496687923,0.5205586126212179,0.5205586124889111,0.0,0.14106163348162223,0.12244897959183673,0.15384615384615385,0.01642897091722595,0.3349187475227904,0.18315608550864754,0.30837378640776697,0.33478260869565213,0.39063992359121297,0.6893203883495146,0.3233246073298429,0.14477022836199605,0.045454545454545456,0.34375,0.0,1.0,0.0,0.0,0.0,0.0,1.0,0.5,0.7142857142857143,0.045682343870470314,1.0,0.6063218390804598,0.7270114942528736,0.6675824175824175,0.6424489795918368,0.14168937329700274,0.1141029956243689
Cd,0.5106382978723404,0.5767790262172284,0.8122866894197952,0.18714285714285714,0.4607131147540984,0.17504215851602023,0.11052631578947368,0.060810810810810814,0.5538461538461539,0.5862068965517241,0.6605504587155964,0.695735765841586,0.5961538461538461,0.38325210456358,0.12381546134663342,0.35281837160751567,0.9544329354599216,0.317732250088308,0.33973915321924864,0.42462311557788945,0.3657899881756447,0.05289608177172061,0.0,0.937158960280152,0.5522240555491504,0.5522240555779552,0.0,0.1684015030449618,0.17346938775510204,0.14285714285714285,0.016149328859060404,0.3437706434139252,0.2319260930282522,0.07172330097087379,0.13137485311398356,0.2846227316141356,0.7281553398058253,0.1555235602094241,0.1832534536227798,0.0,0.375,0.0,1.0,0.0,0.0,0.0,0.0,0.0,1.0,0.7142857142857143,0.04471858134155744,0.2255813953488372,0.6264367816091954,0.7155172413793104,0.6868131868131868,0.5812244897959183,0.12588555858310627,0.12386401884887244
In,0.5212765957446809,0.6217228464419475,0.8395904436860068,0.22428571428571428,0.4705655737704918,0.39679595278246205,0.20840244431719948,0.09654654654654654,0.5461538461538461,0.6120689655172413,0.6238532110091743,0.9182389937106918,0.5961538461538461,0.3238812583074878,0.17132169576059852,0.37160751565762007,0.8579005671795125,0.34592016955139526,0.3709635157845281,0.4472361809045226,0.23533854980197774,0.02803236797274276,0.0,0.8085499748743296,0.5939791130250972,0.5939791129180059,0.0,0.20956247570509223,0.336734693877551,0.21978021978021978,0.016289149888143176,0.3532831285506672,0.2808035234719089,0.27317961165048543,0.28554641598119856,0.4383954154727793,0.7669902912621359,0.11238743455497383,0.2221595714688469,0.22727272727272727,0.40625,0.0,1.0,0.0,0.0,1.0,0.16666666666666666,0.0,1.0,0.7142857142857143,0.045104086353122595,0.19069767441860466,0.5545977011494253,0.6982758620689655,0.7252747252747253,0.9108163265306123,0.06621253405994551,0.17165937394816558
Sn,0.5319148936170213,0.6067415730337079,0.8464163822525598,0.23285714285714287,0.48651639344262293,0.42883642495784147,0.15263157894736842,0.10735735735735735,0.5346153846153846,0.603448275862069,0.5963302752293578,0.8301886792452831,0.5576923076923077,0.3238812583074878,0.10573566084788029,0.4091858037578288,0.8927342041739007,0.3811374072765807,0.40218471602305783,0.4924623115577889,0.29868647693225797,0.06090289608177172,0.0,0.7188006683722749,0.6600199989236903,0.6600199989430936,0.0,0.2875221353604284,0.2653061224489796,0.17582417582417584,0.015869686800894855,0.3565860747787026,0.29057900956064026,0.3592233009708738,0.3539365452408931,0.5558739255014327,0.8058252427184466,0.13222513089005236,0.22963067380885255,0.18181818181818182,0.4375,0.0,1.0,0.0,0.0,0.8,0.3333333333333333,0.0,1.0,0.7142857142857143,0.04279105628373169,0.1558139534883721,0.6235632183908046,0.6954022988505747,0.7115384615384616,0.8963265306122449,0.1362397820163488,0.10568832043083137
Sb,0.5425531914893617,0.5955056179775281,0.8395904436860068,0.26285714285714284,0.499016393442623,0.3217537942664418,0.11052631578947368,0.07567567567567568,0.5346153846153846,0.603448275862069,0.6100917431192661,0.7987421383647799,0.5576923076923077,0.2964554718653079,0.10523690773067332,0.42797494780793316,0.8899002583353082,0.4146944542564465,0.43341359619797976,0.5150753768844221,0.35011406458116107,0.16856899488926744,0.0,0.7079610021004031,0.648415278423283,0.6484152783892891,0.0,0.2726212585842007,0.8061224489795918,0.37362637362637363,0.014471476510067112,0.33333333333333337,0.3245246535610699,0.23689320388349513,0.3106933019976498,0.4307545367717287,0.8543689320388349,0.23662303664921466,0.25641387087679735,0.13636363636363635,0.46875,0.0,1.0,0.0,0.0,0.6,0.5,0.0,1.0,0.7142857142857143,0.03951426368542791,0.05581395348837209,0.5919540229885057,0.7097701149425287,0.6923076923076923,0.9020408163265307,0.18637602179836513,0.11107371255469538
Te,0.5531914893617021,0.599250936329588,0.825938566552901,0.29285714285714287,0.5229508196721311,0.2129848229342327,0.17105263157894737,0.07072072072072072,0.5307692307692308,0.5862068965517241,0.5871559633027523,0.7610062893081762,0.5384615384615384,0.2764731945059814,0.09226932668329177,0.4384133611691023,0.9295728405838443,0.45072412575061815,0.46463434467554543,0.5276381909547739,0.3664317806524134,0.14804088586030661,0.025638192065421596,0.7756457791845258,0.6696502657769692,0.6696502658188903,0.0,0.30029225871377363,0.29591836734693877,0.5384615384615384,0.014121923937360179,0.33993922578940416,0.36459340423246317,0.06043689320388349,0.2310223266745006,0.42502387774594075,0.8932038834951457,0.18918848167539268,0.28841274316323656,0.09090909090909091,0.5,0.0,1.0,0.0,0.0,0.4,0.6666666666666666,0.0,1.0,0.7142857142857143,0.03874325366229761,0.0069767441860465115,0.5919540229885057,0.5718390804597702,0.6703296703296703,0.9122448979591836,0.1422343324250681,0.09256142712891283
I,0.5638297872340425,0.5645677582386879,0.8122866894197952,0.36714285714285716,0.5201002868852459,0.07715008431703205,0.020263157894736844,0.058408408408408406,0.5346153846153846,0.5732758620689655,0.591743119266055,0.7861635220125787,0.5384615384615384,0.21843154630039874,0.08628428927680798,0.5553235908141962,0.9762495289589699,0.49275874249381846,0.49584741321671877,0.6683417085427136,0.4250659087929921,0.06609880749574105,0.05868051718421926,0.8890871166028862,0.7189205264748807,0.7189205265293894,0.0,0.3715717185677882,0.5,0.5274725274725275,0.014960850111856822,0.719117452767869,0.4566548501450209,0.050910194174757284,0.12544888366627496,0.7373447946513848,0.941747572815534,0.10123036649214659,0.36255990978291514,0.045454545454545456,0.53125,0.0,1.0,0.0,0.0,0.2,0.8333333333333334,0.0,1.0,0.7142857142857143,0.18924793168940887,0.001044186046511628,0.5689655172413793,0.5862068965517241,0.6483516483516484,0.9183673469387755,0.1792487703811672,0.09003702457085155
Xe,0.574468085106383,0.5513221176105716,0.7918088737201365,0.6128571428571429,0.5380860655737705,0.028010118043844855,0.14899847826435586,0.045345345345345345,0.5384615384615384,0.5646551724137931,0.6192660550458715,0.7672955974842768,0.4966825168185084,0.15595923792645103,0.0693640897755611,0.5427974947807933,0.842629937083717,0.5393853761921582,0.5270945897106923,0.6532663316582915,0.49333587176221694,0.019335604770017036,0.3567244999447453,0.9968583713473207,0.7738631200780537,0.7738631200934946,0.0,0.46343886321427025,0.41764145105159967,0.4329969189101754,0.01104586129753915,0.27462016118377597,0.6212267697926737,0.015351941747572815,0.15777248086621024,0.5921680993314231,0.04854368932038835,0.04222513089005236,0.5063433887792501,0.0,0.5625,0.0,1.0,0.0,0.0,0.0,1.0,0.0,1.0,0.7142857142857143,0.03045489591364688,1.3139534883720929e-05,0.6206896551724138,0.6551724137931034,0.6263736263736264,0.8987755102040816,0.05940054495912807,0.06805789296533153
Cs,0.5851063829787234,1.0,0.8498293515358362,1.0,0.5446944754098361,0.16047217537942665,0.004210526315789474,1.0,0.9384615384615385,1.0,0.9587155963302753,0.9635975967049462,1.0,0.08298626495347806,1.0,0.16492693110647183,0.86526246931665,0.13768986223949137,0.34833593848822714,0.1984924623115578,0.15837002118199872,0.017802385008517885,0.0,0.9342151140470104,1.0,1.0,0.0,1.0,0.6122448979591837,0.6593406593406593,0.01691834451901566,0.4255515920200819,0.7256418519712106,0.0828883495145631,0.0898942420681551,0.5778414517669531,0.07766990291262135,0.07895287958115184,1.0,0.045454545454545456,0.03125,0.0,0.0,0.0,0.0,0.0,0.0,1.0,0.5,0.8571428571428571,0.04645335389360062,0.08372093023255814,0.985632183908046,1.0,0.945054945054945,0.9218367346938775,0.11865275035211409,1.0
Ba,0.5957446808510638,0.8314606741573034,1.0,0.5571428571428572,0.5628155737704919,0.3220910623946037,0.02526315789473684,0.8318318318318318,0.8269230769230769,0.8448275862068966,0.7385321100917431,0.9371069182389937,0.8269230769230769,0.15507310589277803,0.6683291770573566,0.18580375782881003,0.8512355376730948,0.18406923348640059,0.35842398670015724,0.2236180904522613,0.21196493958467405,0.06064735945485519,0.0,0.8600926355850215,0.818974757841354,0.8189747578892601,0.0,0.5493024662030839,0.30612244897959184,0.25274725274725274,0.014261744966442952,0.3708548024838156,0.67547534643893,0.17233009708737865,0.21045828437132785,0.47946513849092637,0.13592233009708737,0.26230366492146595,0.5379193684804059,0.0,0.0625,0.0,0.0,0.0,0.0,0.0,0.0,0.0,1.0,0.8571428571428571,0.03700848111025443,0.04186046511627907,0.7701149425287356,0.8706896551724138,0.8434065934065934,0.7557142857142858,0.088283378746594,0.6681252103668799
La,0.6063829787234043,0.700374531835206,0.9692832764505119,0.32142857142857145,0.5692847131147541,0.6290050590219224,0.07368421052631578,0.56006006006006,0.7961538461538461,0.7758620689655172,0.6376146788990825,0.8742138364779874,0.75,0.27248560035445285,0.5236907730673317,0.22964509394572027,0.8651927220005382,0.13335380626070586,0.3685059361390701,0.2763819095477387,0.2268195477624361,0.05281090289608177,0.0,0.6517788797632549,0.6830825983442638,0.6830825983531487,0.0,0.3187275946961517,0.9693877551020408,0.34065934065934067,0.01363255033557047,0.3581714889681596,0.4019765818025567,0.4878640776699029,0.5064629847238543,0.3581661891117478,0.32038834951456313,0.312565445026178,0.31561883281646463,0.4090909090909091,0.09375,1.0,0.1,0.0,0.0,0.0,0.0,0.0,1.0,0.8571428571428571,0.03797224363916731,0.030232558139534883,0.6982758620689655,0.8563218390804598,0.7637362637362637,0.7187755102040816,0.13487738419618528,0.5233927970380343
Ce,0.6170212765957447,0.6779026217228464,0.962457337883959,0.3,0.5742459016393443,0.6237774030354132,0.05789473684210526,0.5225225225225225,0.7846153846153846,0.7025862068965517,0.6284403669724771,0.8238993710691824,0.7115384615384616,0.29937970757642896,0.49875311720698257,0.2338204592901879,0.8729138271051539,0.19888160804504953,0.37859827608016045,0.28140703517587945,0.22526590564503665,0.04650766609880749,0.0,0.6622483333468533,0.6851896570658041,0.6851896570985689,0.0,0.3216861745778085,0.9693877551020408,0.34065934065934067,0.013422818791946308,0.35592548553309555,0.3702868192072188,0.4830097087378641,0.4936545240893067,0.492836676217765,0.3106796116504854,0.2806282722513089,0.29165491965040885,1.0,0.125,1.0,0.1,1.0,0.07142857142857142,0.0,0.0,0.0,1.0,0.8571428571428571,0.03951426368542791,0.02558139534883721,0.6954022988505747,0.8275862068965517,0.7527472527472527,0.7257142857142858,0.11444141689373297,0.49814877145742176
Pr,0.6276595744680851,0.6816479400749064,0.9761092150170648,0.29714285714285715,0.5774904098360658,0.6382799325463744,0.07631578947368421,0.5645645645645646,0.7807692307692308,0.7586206896551724,0.6330275229357798,0.8050314465408805,0.7115384615384616,0.30008861320336727,0.47381546134663344,0.23590814196242169,0.8862970759531543,0.15492829473074896,0.3886951336308932,0.2839195979899497,0.222593803888148,0.058688245315161834,0.0,0.6624383168915706,0.6754536743977363,0.6754536743704783,0.0,0.30816740811125987,0.9693877551020408,0.34065934065934067,0.013492729306487697,0.3593605496102523,0.3706090879793748,0.4016990291262136,0.41938895417156286,0.3505253104106972,0.30097087378640774,0.31518324607329845,0.2932055257964477,0.5,0.15625,0.0,0.0,0.8461538461538461,0.21428571428571427,0.0,0.0,0.0,1.0,0.8571428571428571,0.03700848111025443,0.030232558139534883,0.6896551724137931,0.8390804597701149,0.75,0.7359183673469388,0.12425068119891008,0.4745876809155166
Nd,0.6382978723404256,0.6816479400749064,0.9692832764505119,0.2942857142857143,0.5911557377049182,0.5634064080944351,0.08421052631578947,0.5345345345345346,0.7730769230769231,0.75,0.6284403669724771,0.8619967836839211,0.7115384615384616,0.31045635799734167,0.5286783042394015,0.23799582463465552,0.927218933007617,0.15532687258110592,0.39876714432859284,0.28643216080402006,0.22470870938827295,0.060817717206132875,0.0,0.6632343007131212,0.6699497802391621,0.6699497803873516,0.0,0.30069537424955733,0.9693877551020408,0.34065934065934067,0.013282997762863534,0.3626634958382878,0.36738640025781505,0.35072815533980584,0.3841363102232667,0.34957020057306587,0.2912621359223301,0.3387434554973822,0.29024527769946434,0.45454545454545453,0.1875,0.0,0.0,0.7692307692307693,0.2857142857142857,0.0,0.0,0.0,1.0,0.8571428571428571,0.03951426368542791,0.03953488372093023,0.6867816091954023,0.8477011494252874,0.75,0.7295918367346939,0.12697547683923704,0.5284416021541568
Pm,0.648936170212766,0.6846770349845607,0.9658703071672355,0.3597814885103652,0.5939047540983609,0.5059021922428331,0.0868421052631579,0.5015015015015015,0.7653846153846153,0.7456896551724138,0.6192660550458715,0.8393454731744289,0.7115384615384616,0.3190075321222862,0.5286783042394015,0.23590814196242169,0.9693619900078124,0.1720582558084789,0.4088509008113627,0.27339325523377433,0.22702697118648688,0.13329410306189443,0.0,0.6644637856832779,0.6636845693929987,0.6636845694813788,0.0,0.29233792597071656,0.9693877551020408,0.34065934065934067,0.08491872050254416,0.34745258567793175,0.36169298528305943,0.3618687112815757,0.37629741782237264,0.43436552505600834,0.2815533980582524,0.37722513089005233,0.2851705666760643,0.4090909090909091,0.21875,0.0,0.0,0.6923076923076923,0.35714285714285715,0.0,0.0,0.0,1.0,0.8571428571428571,0.03565921356977641,0.03488372093023256,0.6839080459770115,0.8426250410395851,0.7472527472527473,0.7238775510204082,0.21434763979861066,0.5065634466509593
Sm,0.6595744680851063,0.6779026217228464,0.9556313993174061,0.28428571428571425,0.6162295081967214,0.3480607082630691,0.1,0.46996996996997,0.7615384615384615,0.7413793103448276,0.6146788990825688,0.8262789257525138,0.7115384615384616,0.3331856446610545,0.4837905236907731,0.24425887265135698,0.9548181635284141,0.2538298101691947,0.41893601257702523,0.29396984924623115,0.22953638790490424,0.07342419080068142,0.0,0.6666302389786747,0.6596562603443793,0.6596562602943102,0.0,0.28704703494147626,0.9693877551020408,0.34065934065934067,0.013702460850111857,0.39027612630466374,0.35599957030830376,0.20024271844660194,0.24289071680376026,0.8595988538681948,0.27184466019417475,0.35340314136125656,0.2816464617987031,0.36363636363636365,0.25,0.0,0.0,0.6153846153846154,0.42857142857142855,0.0,0.0,0.0,1.0,0.8571428571428571,0.03469545104086353,0.030232558139534883,0.6781609195402298,0.8333333333333334,0.7445054945054945,0.7183673469387755,0.11607629427792915,0.4846852911477617
Eu,0.6702127659574468,0.7453183520599251,0.9556313993174061,0.4128571428571428,0.6228032786885246,0.31534569983136596,0.021842105263157895,0.44144144144144143,0.7615384615384615,0.7241379310344828,0.6146788990825688,0.8041863365825369,0.7115384615384616,0.2322995126273814,0.46633416458852867,0.24843423799582462,0.8820933631739747,0.2472448088634761,0.4290260937132944,0.3174937414622461,0.23062149711150687,0.07844974446337309,0.0,0.8666065784275024,0.6803720475303909,0.6803720476125964,0.0,0.3149483868181229,0.9693877551020408,0.34065934065934067,0.012723713646532438,0.3654379706698375,0.5213234504243205,0.21359223300970873,0.2084606345475911,0.44030563514804205,0.17475728155339806,0.28664921465968585,0.4083732731886101,0.3181818181818182,0.28125,0.0,0.0,0.5384615384615384,0.5,0.0,0.0,0.0,1.0,0.8571428571428571,0.03392444101773324,0.03255813953488372,0.6752873563218391,0.8247126436781609,0.8076923076923077,0.7128571428571429,0.15613900026201483,0.4661730057219791
Gd,0.6808510638297872,0.6704119850187266,0.9453924914675768,0.28428571428571425,0.6444672131147541,0.596795952782462,0.1,0.35135135135135137,0.7538461538461538,0.728448275862069,0.6192660550458715,0.8301886792452831,0.6923076923076923,0.35002215330084185,0.39650872817955113,0.25260960334029225,0.976970517925028,0.22598864013956482,0.4391116572399212,0.3015075376884422,0.25012011239746623,0.0823679727427598,0.0,0.6707186984664634,0.6517538208742147,0.6517538208942424,0.0,0.27685397140759294,0.9693877551020408,0.34065934065934067,0.01642897091722595,0.4892323952966046,0.35428080352347185,0.4830097087378641,0.4670975323149236,0.34765998089780326,0.2621359223300971,0.41518324607329843,0.28051874823794753,0.7272727272727273,0.3125,1.0,0.1,0.5384615384615384,0.5,0.0,0.0,0.0,1.0,0.8571428571428571,0.044333076329992296,0.02558139534883721,0.6724137931034483,0.8132183908045977,0.7445054945054945,0.6873469387755102,0.14604904632152588,0.39548973409626387
Tb,0.6914893617021277,0.6741573033707865,0.9419795221843004,0.2742857142857143,0.6513334016393443,0.5558178752107926,0.1018421052631579,0.3888888888888889,0.7461538461538462,0.7241379310344828,0.6192660550458715,0.8084620505778153,0.6730769230769231,0.3645990252547629,0.428927680798005,0.23590814196242169,0.8950047667100263,0.2437719269838701,0.4491927031569056,0.3267855398649281,0.23848813214677916,0.08645655877342419,0.0,0.6724664406334331,0.6496229281909371,0.6496229281826241,0.0,0.27414733874659875,0.9693877551020408,0.34065934065934067,0.012723713646532438,0.38195270181001456,0.34321624234611664,0.4720873786407767,0.45675675675675675,0.3438395415472779,0.2524271844660194,0.42643979057591624,0.2720608965322808,0.22727272727272727,0.34375,0.0,0.0,0.38461538461538464,0.6428571428571429,0.0,0.0,0.0,1.0,0.8571428571428571,0.035273708558211256,0.02558139534883721,0.6695402298850575,0.8017241379310345,0.7417582417582418,0.7042857142857143,0.1427792915531335,0.429148434870414
Dy,0.7021276595744681,0.6741573033707865,0.9385665529010239,0.2714285714285714,0.6659836065573771,0.47807757166947723,0.10789473684210527,0.36486486486486486,0.7384615384615385,0.7198275862068966,0.6100917431192661,0.7938069683935316,0.6730769230769231,0.3788214443952149,0.4114713216957606,0.2546972860125261,0.8601311086541792,0.2910317715738141,0.4592827842931748,0.3065326633165829,0.24154254374407497,0.09667802385008517,0.0,0.6743847456801726,0.6462163119247516,0.6462163119345911,0.0,0.26985703796484256,0.9693877551020408,0.34065934065934067,0.012094519015659954,0.3720438631259083,0.3394564400042969,0.35315533980582525,0.34124559341950644,0.34288443170964655,0.23300970873786409,0.4410994764397906,0.2679729348745419,0.18181818181818182,0.375,0.0,0.0,0.3076923076923077,0.7142857142857143,0.0,0.0,0.0,1.0,0.8571428571428571,0.033346183500385505,0.02558139534883721,0.6637931034482759,0.8247126436781609,0.7967032967032966,0.6995918367346939,0.14768392370572206,0.4123190844833389
Ho,0.7127659574468085,0.6704119850187266,0.931740614334471,0.2671428571428571,0.6759439754098361,0.5005059021922428,0.10526315789473684,0.34234234234234234,0.7384615384615385,0.7155172413793104,0.6100917431192661,0.8276555651664195,0.6730769230769231,0.3896765618077093,0.39650872817955113,0.2567849686847599,0.9543691197097148,0.287298992184929,0.46936834781980163,0.30904522613065327,0.24490198978850414,0.10017035775127768,0.0,0.6760585636118966,0.6427036950126914,0.6427036949517232,0.0,0.2654803552887315,0.9693877551020408,0.34065934065934067,0.01153523489932886,0.35869996036464524,0.33419271672574924,0.36529126213592233,0.3532314923619272,0.34192932187201525,0.22330097087378642,0.4573298429319372,0.2641669016069918,0.13636363636363635,0.40625,0.0,0.0,0.23076923076923078,0.7857142857142857,0.0,0.0,0.0,1.0,0.8571428571428571,0.03161141094834233,0.037209302325581395,0.6609195402298851,0.8074712643678161,0.7335164835164835,0.6957142857142856,0.15040871934604905,0.3971726691349714
Er,0.723404255319149,0.6666666666666666,0.9283276450511946,0.26285714285714284,0.6854877049180327,0.5288364249578414,0.11578947368421053,0.3228228228228228,0.7269230769230769,0.7112068965517241,0.6100917431192661,0.7902485264900008,0.6730769230769231,0.4014178112538768,0.38154613466334164,0.2588726513569937,0.9409884503826064,0.2702330624244421,0.4794561701512496,0.31155778894472363,0.2484078523675574,0.1695059625212947,0.0,0.6770143536007888,0.641668031596284,0.6416680314886396,0.0,0.2641990238845938,0.9693877551020408,0.34065934065934067,0.01174496644295302,0.37151539172942266,0.3294661080674616,0.38470873786407767,0.37179788484136306,0.34001910219675263,0.21359223300970873,0.47172774869109946,0.26021990414434737,0.09090909090909091,0.4375,0.0,0.0,0.15384615384615385,0.8571428571428571,0.0,0.0,0.0,1.0,0.8571428571428571,0.032382420971472634,0.03488372093023256,0.6580459770114943,0.8132183908045977,0.7335164835164835,0.6920408163265307,0.1542234332425068,0.3820262537866038
Tm,0.7340425531914894,0.6629213483146067,0.9249146757679181,0.2585714285714286,0.6923533606557375,0.37436762225969644,0.11842105263157894,0.3033033033033033,0.7307692307692307,0.7068965517241379,0.6009174311926605,0.7240818253329436,0.6730769230769231,0.4129818342933097,0.36658354114713215,0.2609603340292276,0.8891710428532057,0.3539652877477512,0.48953811959016247,0.314070351758794,0.25152367756687605,0.14344122657580918,0.0,0.6832384232955034,0.6359883188136715,0.6359883188329484,0.0,0.25724528138902086,0.9693877551020408,0.34065934065934067,0.011185682326621925,0.3571145461751883,0.32377269309270595,0.2815533980582524,0.272855464159812,0.33810888252148996,0.20388349514563106,0.47591623036649217,0.2692416126303919,0.045454545454545456,0.46875,0.0,0.0,0.07692307692307693,0.9285714285714286,0.0,0.0,0.0,1.0,0.8571428571428571,0.03084040092521203,0.03953488372093023,0.6522988505747126,0.8017241379310345,0.7335164835164835,0.6885714285714285,0.24495569095522876,0.3668798384382363
Yb,0.7446808510638298,0.7265917602996255,0.9453924914675768,0.3542857142857143,0.7092008196721311,0.2472175379426644,0.08157894736842106,0.28678678678678676,0.7192307692307692,0.7327586206896551,0.591743119266055,0.7673522803191749,0.6730769230769231,0.3086132033673017,0.3508728179551122,0.2630480167014614,0.8441741581046402,0.3305666483368932,0.499625038399682,0.36156264290950857,0.2543645650511785,0.06524701873935264,0.0,0.8912574969002931,0.6654936493625463,0.6654936493613639,0.0,0.29473502353906617,0.9693877551020408,0.34065934065934067,0.01083612975391499,0.3532831285506672,0.44226017832205394,0.1929611650485437,0.18284371327849588,0.5243553008595988,0.1650485436893204,0.28717277486910997,0.3501550606146039,0.0,0.5,0.0,0.0,0.0,1.0,0.0,0.0,0.0,1.0,0.8571428571428571,0.0279491133384734,0.09069767441860466,0.6494252873563219,0.8045977011494253,0.7664835164835165,0.6846938775510204,0.08664850136239782,0.3517334230898687
Lu,0.7553191489361702,0.6554307116104869,0.9215017064846417,0.2542857142857143,0.7170770491803279,0.6185497470489039,0.12631578947368421,0.3033033033033033,0.7192307692307692,0.6982758620689655,0.6009174311926605,0.8238993710691824,0.6730769230769231,0.435994683207798,0.3690773067331671,0.2651356993736952,0.8596163683138714,0.22801130342635112,0.5096993079022027,0.25125628140703515,0.22067656070976555,0.1588586030664395,0.0,0.6798320954294524,0.6294067969396405,0.6294067970509868,0.0010646418745808189,0.24934133805554354,0.9693877551020408,0.34065934065934067,0.010766219239373601,0.3548685427401242,0.31711247180148244,0.5024271844660194,0.5024676850763807,0.33524355300859593,0.1941747572815534,0.506806282722513,0.250634338877925,0.4090909090909091,0.53125,1.0,0.1,0.0,1.0,0.0,0.0,0.0,1.0,0.8571428571428571,0.029876638396299154,0.037209302325581395,0.6436781609195402,0.7873563218390804,0.728021978021978,0.7428571428571429,0.22451556972420195,0.3685627734769438
Hf,0.7659574468085106,0.6254681647940075,0.9010238907849829,0.19428571428571428,0.731516393442623,0.9224283305227656,0.2894736842105263,0.15615615615615616,0.6730769230769231,0.6551724137931034,0.5871559633027523,0.7672955974842768,0.5961538461538461,0.589720868409393,0.2718204488778055,0.27139874739039666,0.8456325890688454,0.2412575061815613,0.5194957444117169,0.32663316582914576,0.2775841938795692,0.23168654173764905,0.0,0.3031991565623499,0.5766671770126427,0.5766671770394263,0.0,0.1917678054679739,0.3469387755102041,0.2857142857142857,0.010067114093959733,0.33993922578940416,0.24084219572456764,0.6978155339805825,0.726674500587544,0.30563514804202485,0.4854368932038835,0.6552356020942408,0.18945587820693544,0.36363636363636365,0.5625,0.8888888888888888,0.2,0.0,1.0,0.0,0.0,0.0,1.0,0.8571428571428571,0.028141865844255976,0.053488372093023255,0.6408045977011494,0.7557471264367817,0.695054945054945,0.6410204081632653,0.16403269754768393,0.27263547627061596
Ta,0.776595744680851,0.5580524344569289,0.8805460750853242,0.15571428571428572,0.7415896721311476,0.9608768971332209,0.5263157894736842,0.13318318318318317,0.6538461538461539,0.6293103448275862,0.5779816513761468,0.7484276729559748,0.5576923076923077,0.7378821444395215,0.2194513715710723,0.31315240083507306,0.8588442578034099,0.28011303426351114,0.5298726937602776,0.3768844221105528,0.3070505214726559,0.3114991482112436,0.0,0.17164492172921914,0.5389233147806725,0.5389233148650845,0.0,0.1565239925711571,0.23469387755102042,0.5274725274725275,0.009787472035794184,0.33505086537191175,0.18960146095176708,0.9199029126213593,0.918918918918919,0.3161413562559694,0.5048543689320388,0.8557591623036649,0.1529461516774739,0.3181818181818182,0.59375,0.7777777777777778,0.3,0.0,1.0,0.0,0.0,0.0,1.0,0.8571428571428571,0.026985350809560528,0.1325581395348837,0.6379310344827587,0.7270114942528736,0.6675824175824175,0.6469387755102041,0.18528610354223432,0.22046449007068325
W,0.7872340425531915,0.5280898876404494,0.863481228668942,0.13614285714285712,0.7534426229508197,1.0,0.8157894736842105,0.11366366366366366,0.6230769230769231,0.5905172413793104,0.5504587155963303,0.7232704402515723,0.5192307692307693,0.8551174124944617,0.18703241895261846,0.4926931106471816,0.8800455545201171,0.3062522077004592,0.5399681960281176,0.4271356783919598,0.3198400057720652,0.4455706984667802,0.0,0.09485229825639485,0.5175662161551359,0.5175662161017781,0.0,0.13864294043968384,0.7142857142857143,0.4725274725274725,0.009228187919463088,0.3206500198176774,0.17026533462240842,1.0,1.0,0.3018147086914995,0.5339805825242718,0.9633507853403142,0.13349309275444038,0.2727272727272727,0.625,0.6666666666666666,0.4,0.0,1.0,0.0,0.0,0.0,1.0,0.8571428571428571,0.0256360832690825,0.3953488372093023,0.6264367816091954,0.7385057471264368,0.6565934065934066,0.6318367346938776,0.2819618528610354,0.18680578929653313
Re,0.7978723404255319,0.5131086142322098,0.8498293515358362,0.12642857142857142,0.7631434426229508,0.9949409780775716,0.9736842105263158,0.09954954954954955,0.5807692307692308,0.5646551724137931,0.5458715596330275,0.6918238993710691,0.5192307692307693,0.9313247673903411,0.16209476309226933,0.3966597077244259,0.851466312925666,0.3341575415047687,0.5500560183595656,0.4773869346733668,0.31859912564112647,0.29028960817717203,0.0,0.13242148545445034,0.5021145992540464,0.5021145992786488,0.0,0.12659266617716927,0.336734693877551,0.3626373626373626,0.009577740492170021,0.33663627956136877,0.15801912128048126,0.8543689320388349,0.9095182138660399,0.2636103151862464,0.5631067961165048,0.9039267015706807,0.12489427685367917,0.22727272727272727,0.65625,0.5555555555555556,0.5,0.0,1.0,0.0,0.0,0.0,1.0,0.8571428571428571,0.02659984579799538,0.11162790697674418,0.6206896551724138,0.7155172413793104,0.6510989010989011,0.6028571428571428,0.2561307901907357,0.16324469875462805
Os,0.8085106382978723,0.5056179775280899,0.8327645051194539,0.12042857142857143,0.7796311475409836,0.893760539629005,0.7495996502226271,0.08768768768768768,0.5538461538461539,0.5560344827586207,0.5321100917431193,0.6855345911949685,0.5,1.0,0.14214463840399003,0.45929018789144055,0.8922165898666929,0.3454609678558813,0.5601485841811381,0.5527638190954774,0.3431934430445985,0.49275979557069843,0.0,0.2153804451740181,0.495577110246505,0.49557711033303015,0.0,0.12171208914611498,0.5612244897959183,1.0,0.009088366890380313,0.3263310873298983,0.14824363519174993,0.8956310679611651,0.9247943595769683,0.2617000955109838,0.6116504854368932,0.8709424083769634,0.11869185226952354,0.18181818181818182,0.6875,0.4444444444444444,0.6,0.0,1.0,0.0,0.0,0.0,1.0,0.8571428571428571,0.02525057825751735,0.20465116279069767,0.6206896551724138,0.7126436781609196,0.6456043956043956,0.636734693877551,0.26920980926430516,0.143049478290138
Ir,0.8191489361702128,0.5093632958801498,0.7952218430034129,0.12199999999999998,0.7877745901639345,0.742495784148398,0.8421052631578947,0.07837837837837838,0.5423076923076923,0.5258620689655172,0.5275229357798165,0.6729559748427673,0.5192307692307693,0.9933540097474525,0.12718204488778054,0.45929018789144055,0.9121113040195858,0.35181914517838225,0.5670955384087172,0.5527638190954774,0.36469999841788797,0.3502555366269165,0.0,0.3798799131800116,0.4969800253218028,0.4969800253930364,0.0,0.1227486718783743,0.5612244897959183,1.0,0.0091582774049217,0.33161580129475493,0.14910301858416586,0.7330097087378641,0.7861339600470035,0.3667621776504298,0.6407766990291263,0.7023560209424083,0.120101494220468,0.13636363636363635,0.71875,0.3333333333333333,0.7,0.0,1.0,0.0,0.0,0.0,1.0,0.8571428571428571,0.0256360832690825,0.3488372093023256,0.6120689655172413,0.6925287356321839,0.6483516483516484,0.5795918367346938,0.26294277929155313,0.12790306294177045
Pt,0.8297872340425532,0.5205992509363296,0.7849829351535836,0.13,0.7995245901639344,0.6913996627318718,0.6052631578947368,0.07057057057057058,0.5230769230769231,0.5301724137931034,0.5137614678899083,0.6918238993710691,0.5192307692307693,0.950376606114311,0.10972568578553615,0.47599164926931103,0.9363126790197199,0.35888378664782766,0.5803095466126964,0.5527638190954774,0.3643656806638298,0.18888415672913117,0.0,0.5754326700152388,0.5062490472113148,0.506249047247083,0.0,0.1297456053211247,0.5612244897959183,1.0,0.009298098434004474,0.34165675782798255,0.16220861531850897,0.5703883495145631,0.664747356051704,0.3744030563514804,0.6601941747572816,0.5353403141361257,0.12813645334085141,0.09090909090909091,0.75,0.1111111111111111,0.9,0.0,1.0,0.0,0.0,1.0,0.5,0.8571428571428571,0.0256360832690825,0.16744186046511628,0.6120689655172413,0.6580459770114943,0.6565934065934066,0.5620408163265306,0.14604904632152588,0.10939077751598789
Au,0.8404255319148937,0.5468164794007491,0.7713310580204779,0.1457142857142857,0.8072400368852459,0.5193929173693086,0.5789473684210527,0.06411411411411412,0.5230769230769231,0.5344827586206896,0.555045871559633,0.7735849056603774,0.5192307692307693,0.8551174124944617,0.09002493765586035,0.5302713987473904,0.9440608079922017,0.4002119392440834,0.5903838161152171,0.6030150753768844,0.37521392574168205,0.10689948892674617,0.0,0.7709032739406745,0.5244608385595917,0.5244608385316032,0.0,0.14425776357275513,0.11224489795918367,0.10989010989010989,0.009018456375838927,0.3358171488968161,0.18218927919217962,0.41262135922330095,0.4326674500587544,0.38968481375358166,0.6796116504854369,0.35015183246073295,0.14392444319142939,0.045454545454545456,0.78125,0.0,1.0,0.0,1.0,0.0,0.0,1.0,0.5,0.8571428571428571,0.0248650732459522,0.7441860465116279,0.6149425287356322,0.6666666666666666,0.6675824175824175,0.6720408163265307,0.09482288828337875,0.09761023224503533
Hg,0.851063829787234,0.5880149812734082,0.7815699658703071,0.21142857142857144,0.8220983606557377,0.1061939291736931,0.06578947368421052,0.04024024024024024,0.5076923076923077,0.5732758620689655,0.6513761467889908,0.721850378686087,0.5769230769230769,0.6001772264067345,0.08456359102244389,0.4175365344467641,0.9405025256777706,0.3687742847050512,0.38173801478161873,0.4773869346733668,0.42450627226065135,0.01954855195911414,0.0,0.9761355587169467,0.6018526536212306,0.6018526536728361,0.0,0.21800705057659914,0.5612244897959183,0.34065934065934067,0.009787472035794184,0.36970537719645924,0.2558814050918466,0.07099514563106796,0.07212690951821386,0.28557784145176696,0.7184466019417476,0.061329842931937176,0.19861855088807442,0.0,0.8125,0.0,1.0,0.0,1.0,0.0,0.0,0.0,1.0,0.8571428571428571,0.02659984579799538,0.01930232558139535,0.6408045977011494,0.7040229885057471,0.695054945054945,0.5520408163265306,0.07667574931880108,0.08448333894311678
Tl,0.8617021276595744,0.6404494382022472,0.825938566552901,0.2457142857142857,0.8376229508196721,0.2917369308600337,0.11315789473684211,0.07642642642642643,0.5576923076923077,0.6206896551724138,0.6513761467889908,0.9433962264150944,0.7307692307692307,0.5250332299512627,0.12892768079800498,0.33820459290187893,0.8612034843631535,0.44649911808766124,0.39178291982146407,0.45226130653266333,0.2484279439698086,0.03528109028960818,0.0,0.8358804963096451,0.6148636335601029,0.6148636335543343,0.0,0.23245367770915215,0.6632653061224489,0.7142857142857143,0.009018456375838927,0.34773417888756775,0.30647760232033516,0.19708737864077672,0.21410105757931844,0.33046800382043934,0.7572815533980582,0.15094240837696335,0.24274034395263602,0.22727272727272727,0.84375,0.0,1.0,0.0,1.0,1.0,0.16666666666666666,0.0,1.0,0.8571428571428571,0.024672320740169625,0.10697674418604651,0.5632183908045977,0.7097701149425287,0.7115384615384616,0.8871428571428571,0.04457765667574932,0.12790306294177045
Pb,0.8723404255319149,0.6554307116104869,0.8498293515358362,0.26142857142857145,0.8491803278688524,0.339460370994941,0.12105263157894737,0.08018018018018018,0.5615384615384615,0.6206896551724138,0.6192660550458715,0.8616352201257862,0.5517933403714315,0.5028799291094372,0.11745635910224439,0.48643006263048016,0.8603345666368903,0.3874955845990816,0.4018662245432697,0.45226130653266333,0.3016436842190673,0.04066439522998296,0.0,0.7418243892160689,0.6238706046621781,0.6238706047036598,0.0,0.24281950503174535,0.2755102040816326,0.1978021978021978,0.009088366890380313,0.3263310873298983,0.32570630572564185,0.21577669902912622,0.22937720329024675,0.47277936962750716,0.7961165048543689,0.15723821989528794,0.25740062024245847,0.18181818181818182,0.875,0.0,1.0,0.0,1.0,0.8,0.3333333333333333,0.0,1.0,0.8571428571428571,0.030647648419429456,0.08139534883720931,0.5804597701149425,0.7471264367816092,0.7527472527472527,0.876938775510204,0.06866485013623978,0.11746886570178391
Bi,0.8829787234042553,0.6367041198501873,0.8532423208191127,0.30428571428571427,0.8564770491803279,0.3175379426644182,0.08157894736842106,0.07702702702702703,0.5692307692307692,0.6508620689655172,0.6467889908256881,0.8490566037735849,0.6153846153846154,0.43185644661054495,0.12468827930174564,0.42171189979123175,0.8854547033862407,0.42034616743200287,0.4119540468747177,0.4773869346733668,0.29631046194538685,0.09459965928449744,0.0,0.7179236418528732,0.6577982508239001,0.657798250803852,0.0,0.2846283418995379,0.5408163265306123,0.6593406593406593,0.008529082774049217,0.3371647509578544,0.38006230529595014,0.2087378640776699,0.2462984723854289,0.4536771728748806,0.8446601941747572,0.1425392670157068,0.3003946997462644,0.13636363636363635,0.90625,0.0,1.0,0.0,1.0,0.6,0.5,0.0,1.0,0.8571428571428571,0.023901310717039322,0.018604651162790697,0.5948275862068966,0.7298850574712644,0.7307692307692307,0.8918367346938776,0.09754768392370572,0.12453719286435544
Po,0.8936170212765957,0.6591760299625468,0.8532423208191127,0.3242857142857143,0.8565573770491803,0.20826306913996628,0.19945685957297082,0.06366366366366366,0.5384615384615384,0.625,0.6192660550458715,0.8113207547169812,0.7307692307692307,0.41293752769162606,0.11471321695760599,0.4175365344467641,0.9265326125538733,0.4592016955139527,0.42203961040134447,0.5025125628140703,0.3422079784240595,0.08517887563884156,0.0,0.7133708749501525,0.6942162028544768,0.6942162028064819,0.0,0.3345678745734894,0.4360086492372321,0.4254044805971949,0.1055682202256563,0.35759067185859417,0.4015468901063487,0.12487864077669904,0.2523762804374739,0.31996179560649474,0.883495145631068,0.13795811518324608,0.3237947561319425,0.09090909090909091,0.9375,0.0,1.0,0.0,1.0,0.4,0.6666666666666666,0.0,1.0,0.8571428571428571,0.0240940632228219,0.046511627906976744,0.5660919540229885,0.6157242639707816,0.7115384615384616,0.9610204081632653,0.16931073614339098,0.11443958263211039
At,0.9042553191489362,0.553052183827447,0.8430034129692833,0.2990273763922914,0.860655737704918,0.10286677908937605,0.1668437004775406,0.052702702702702706,0.5769230769230769,0.6336206896551724,0.6330275229357798,0.8679245283018868,0.4937337195387237,0.2681566617034761,0.10723192019950124,0.46346555323590816,0.9651381380769515,0.49805722359590254,0.43213195034243485,0.5527638190954774,0.4533427976031267,0.09415084595198249,0.0,0.7133708749501525,0.6942162028544768,0.6942162028064819,0.0,0.3345678745734894,0.4745035258570084,0.42760709952694725,0.13568569547693984,0.3712465456870195,0.42421312708131914,0.07703457243164506,0.20568096036461062,0.47239152543992,0.9320388349514563,0.1505235602094241,0.27171328422795415,0.045454545454545456,0.96875,0.0,1.0,0.0,1.0,0.2,0.8333333333333334,0.0,1.0,0.8571428571428571,0.18662783220898616,0.004651162790697674,0.5804597701149425,0.5834838010744167,0.6895604395604396,0.9693877551020408,0.2099334255591647,0.10097610232245036
Rn,0.9148936170212766,0.562455230836108,0.8293515358361775,0.32707885503318324,0.9098360655737705,0.035649241146711634,0.14868338942691345,0.06126126126126126,0.5769230769230769,0.6120689655172413,0.6651376146788991,0.8364779874213837,0.5198237830894068,0.19494904740806382,0.0827431421446384,0.5073068893528184,0.9277907794785154,0.5439773931472978,0.44221073745459805,0.513541276641813,0.4371550340017831,0.06583309700089819,0.0,0.7133708749501525,0.6942162028544768,0.6942162028064819,0.0,0.3345678745734894,0.40331247131636583,0.39023449214150246,0.00657158836689038,0.27462016118377597,0.44806101622086153,0.02196601941747573,0.14075755683081256,0.47376579296682503,0.05825242718446602,0.05287958115183246,0.7118691852269524,0.0,1.0,0.0,1.0,0.0,1.0,0.0,1.0,0.0,1.0,0.8571428571428571,0.018118735543562067,8.395348837209302e-06,0.632183908045977,0.6896551724137931,0.6675824175824175,0.9724489795918367,0.14771731418471226,0.0891955570514978
Fr,0.925531914893617,0.6542090296264182,0.8805460750853242,0.4207511847439957,0.9139344262295082,0.16020236087689713,0.1908624758241463,0.29337383977647846,1.0,0.9612068965517241,1.0,0.8388449859850934,0.6361485575890229,0.24252537626252518,0.7768079800498753,0.14822546972860123,0.8658790424542819,0.33638999299120564,0.19721624893836173,0.1758793969849246,0.16564350656700533,0.06216263360413275,0.0,0.7133708749501525,0.6942162028544768,0.6942162028064819,0.0,0.3345678745734894,0.5118761137599838,0.3468101111901106,0.10090389232953127,0.4122300326667709,0.8560532817703297,0.06696371460231444,0.16797236327616133,0.5080572244703556,0.06796116504854369,0.07853403141361257,0.43159627286409474,0.045454545454545456,0.03125,0.0,0.0,0.0,0.0,0.0,0.0,1.0,0.5,1.0,0.16663279240614637,0.16264530392708174,1.0,0.7125288625729835,1.0,1.0,0.1560959597043128,0.8179064288118478
Ra,0.9361702127659575,0.6376605245789945,0.9965870307167235,0.6428571428571429,0.9262295081967213,0.23827993254637436,0.21119451825136995,0.2942361938483191,0.85,0.8663793103448276,0.7935779816513762,1.0,0.8269230769230769,0.24368630926007975,0.6054862842892769,0.1920668058455115,0.8493215615077173,0.36423534864327795,0.2211144039465838,0.22613065326633167,0.2146801122054979,0.065587734241908,0.0,0.7133708749501525,0.6942162028544768,0.6942162028064819,0.0,0.3345678745734894,0.48965466487734743,0.4041999791617428,0.09919075710632275,0.3562905853971854,0.7328391878826941,0.13713592233009708,0.18683901292596944,0.46740186880372964,0.1262135922330097,0.2547120418848168,0.5792218776430788,0.0,0.0625,0.0,0.0,0.0,0.0,0.0,0.0,0.0,1.0,1.0,0.02313030069390902,0.044186046511627906,0.8132183908045977,0.7153259384933973,0.8983516483516484,0.7504081632653061,0.2504970347255727,0.6445641198249746
Ac,0.9468085106382979,0.704119850187266,1.0,0.322,0.930327868852459,0.5851602023608768,0.2889455240453777,0.32711572653313614,0.8269230769230769,0.8017241379310345,0.7018348623853211,0.8805031446540881,0.75,0.432288394222733,0.5411471321695761,0.22755741127348644,0.8600453185974613,0.28399447587950194,0.22662588771029474,0.2763819095477387,0.21027041222395856,0.10221465076660988,0.0,0.7088181080474321,0.7271682421283914,0.7271682421473225,0.0,0.384507407247441,0.6915762554702587,0.4894927400025486,0.008389261744966443,0.3593605496102523,0.40229885057471265,0.35546116504854364,0.4770857814336075,0.5071633237822349,0.46601941747572817,0.34554973821989526,0.3178742599379758,0.4090909090909091,0.09375,1.0,0.1,0.0,0.0,0.0,0.0,0.0,1.0,1.0,0.13815073846130654,0.027906976744186046,0.7097701149425287,0.8045977011494253,0.8461538461538461,0.709795918367347,0.19801868955593538,0.5402221474251094
Th,0.9574468085106383,0.6741573033707865,0.9863481228668942,0.28285714285714286,0.9509741803278688,0.8532883642495784,0.14210526315789473,0.37736908850022177,0.7923076923076923,0.7543103448275862,0.6559633027522935,0.8553459119496856,0.6923076923076923,0.5219317678334071,0.5411471321695761,0.2755741127348643,0.9702414058248438,0.1984922316705278,0.23213737147400568,0.32663316582914576,0.25650143303149703,0.1176320272572402,0.0,0.47945700578330547,0.6539157650314623,0.6539157650272872,0.0,0.27961819202695115,0.7762264067942019,0.520695799148978,0.008249440715883669,0.36094596379970934,0.352991728434848,0.6234223300970875,0.7074030552291422,0.4851957975167144,0.4563106796116505,0.5308900523560209,0.27910910628700314,0.36363636363636365,0.125,0.8888888888888888,0.2,0.0,0.0,0.0,0.0,0.0,1.0,1.0,0.021781033153430995,0.12558139534883722,0.7040229885057471,0.8419540229885057,0.7527472527472527,0.693061224489796,0.13569482288828338,0.5402221474251094
Pa,0.9680851063829787,0.602996254681648,0.9726962457337884,0.21428571428571427,0.9468683606557377,0.7251264755480608,0.3826307477823586,0.30620110000174666,0.7692307692307693,0.728448275862069,0.6330275229357798,0.8113207547169812,0.6923076923076923,0.6809924678777137,0.42643391521197005,0.32150313152400833,0.9688037817830069,0.2316210887025573,0.2744221977267388,0.3768844221105528,0.23955371914876517,0.10511073253833049,0.0,0.3348819331347044,0.6013945432887541,0.6013945432876068,0.0,0.21750960998574698,0.6052531418351779,0.4983404979066519,0.09404169642274685,0.3137760399074288,0.2679127725856698,0.5839805825242719,0.6615746180963572,0.3744030563514804,0.44660194174757284,0.5531413612565445,0.21398364815336904,0.9545454545454546,0.15625,1.0,0.1,0.9230769230769231,0.14285714285714285,0.0,0.0,0.0,1.0,1.0,0.023323053199691596,0.10930232558139535,0.6982758620689655,0.8275862068965517,0.7252747252747253,0.6987755102040816,0.30635136540583524,0.42746549983170645
U,0.9787234042553191,0.5168539325842697,0.9658703071672355,0.17857142857142858,0.9755283196721312,0.6775716694772344,0.2631578947368421,0.3740679549074161,0.7538461538461538,0.7327586206896551,0.6146788990825688,0.7421383647798742,0.6730769230769231,0.844040762073549,0.341645885286783,0.2881002087682672,0.9785335170569407,0.19763031625779962,0.2983203527349609,0.4271356783919598,0.25192184919853416,0.0778534923339012,0.0,0.21041285558911318,0.5571837169752298,0.5571837170121895,0.0,0.17297974344577374,0.8224760545282456,0.4419038820363935,0.008109619686800896,0.3655040295943982,0.22752175314212053,0.5060679611650486,0.6263219741480611,0.2722063037249284,0.4368932038834951,0.3679319371727749,0.17606427967296306,0.9090909090909091,0.1875,1.0,0.1,0.8461538461538461,0.21428571428571427,0.0,0.0,0.0,1.0,1.0,0.022166538164996148,0.06279069767441861,0.6925287356321839,0.7787356321839081,0.6923076923076923,0.6928571428571428,0.17193460490463217,0.41905082463816895
Np,0.9893617021276596,0.4868913857677903,0.9556313993174061,0.30142857142857143,0.9713114754098361,0.7040472175379426,0.3265834588815777,0.36014661668570225,0.7307692307692307,0.7370689655172413,0.6238532110091743,0.7295597484276729,0.6730769230769231,0.89720868409393,0.4164588528678304,0.2839248434237996,0.990046020316759,0.23015996087839424,0.32221850774318295,0.32663316582914576,0.2548339113871677,0.027257240204429302,0.0,0.09613422621297649,0.5422119924119898,0.5422119924555415,0.0,0.15940698829525332,0.7814641500678787,0.46404126671430795,0.10663454035689109,0.35361836704327926,0.20646686002792994,0.4077669902912621,0.546180963572268,0.4508118433619866,0.42718446601941745,0.23900523560209425,0.16337750211446292,0.8636363636363636,0.21875,1.0,0.1,0.7692307692307693,0.2857142857142857,0.0,0.0,0.0,1.0,1.0,0.10473944194153852,0.013953488372093023,0.6867816091954023,0.8103448275862069,0.6923076923076923,0.6987755102040816,0.1634381248995571,0.4173678895994615
Pu,1.0,0.5655430711610487,0.9488054607508533,0.3022370592277696,1.0,0.5910623946037099,0.23808141494363855,0.3445080052090575,0.7192307692307692,0.7413793103448276,0.6192660550458715,0.8506393111071205,0.6730769230769231,0.8790429774036331,0.4114713216957606,0.26722338204592905,0.9669162613481289,0.23446596425436025,0.3645033339959161,0.32663316582914576,0.24508501045678419,0.024054514480408858,0.0,0.0,0.5385264639769282,0.5385264639204491,0.15066529717584448,0.1561784649937373,0.790583143804601,0.447211004500323,0.06907697066162488,0.36809829541467504,0.21527553980019334,0.41686893203883496,0.40540540540540543,0.40319217156879805,0.4174757281553398,0.23926701570680628,0.17324499577107413,0.36363636363636365,0.25,0.0,0.0,0.6153846153846154,0.42857142857142855,0.0,0.0,0.0,1.0,1.0,0.12453293262152605,0.013953488372093023,0.6982758620689655,0.8074712643678161,0.6923076923076923,0.6987755102040816,0.12316076294277929,0.4123190844833389
*,0.0,0.0,0.0,0.0,0.0,0.0,0.0,0.0,0.0,0.0,0.0,0.0,0.0,0.0,0.0,0.0,0.8450320586718197,0.0,0.0,0.0,0.0,0.0,0.0,0.9934791053307219,0.0,0.0,0.0,0.0,0.0,0.0,0.0,0.0,0.0,0.0,0.0,0.0,0.0,0.0,0.0,0.0,0.0,0.0,0.0,0.0,0.0,0.0,0.0,0.0,0.0,0.0,0.0,0.0,0.0,0.0,0.0,0.0,0.0,0.0
